timestamp,event_id,trigger,force_sensor_raw,slave_pos_j1,slave_pos_j2,slave_pos_j3,slave_pos_j4,slave_pos_j5,slave_pos_j6,slave_effort_j1,slave_effort_j2,slave_effort_j3,slave_effort_j4,slave_effort_j5,slave_effort_j6,slave_ext_torque_j1,slave_ext_torque_j2,slave_ext_torque_j3,slave_ext_torque_j4,slave_ext_torque_j5,slave_ext_torque_j6,master_pos_j1,master_pos_j2,master_pos_j3,master_pos_j4,master_pos_j5,master_pos_j6,master_effort_j1,master_effort_j2,master_effort_j3,master_effort_j4,master_effort_j5,master_effort_j6,reflected_tau_j1,reflected_tau_j2,reflected_tau_j3,reflected_tau_j4,reflected_tau_j5,reflected_tau_j6
1773345553.862116,1,effort,4095,-0.339911,0.385474,1.296703,-0.118884,0.927899,-0.018408,-8.162755,-8.116982,4.889945,0.255885,0.003436,-0.033568,-8.163286,-0.398750,-0.040963,-0.016645,-0.004115,-0.006407,-0.388876,0.385405,1.296929,-0.142468,0.927180,-0.026461,0.000000,0.000000,0.000000,0.000000,0.000000,0.000000,2.857150,0.139562,0.014337,0.005826,0.001440,0.002242
1773345553.881005,1,effort,4095,-0.370585,0.385461,1.296754,-0.129813,0.927899,-0.019942,-8.579063,-8.132564,4.886683,0.416685,0.002914,-0.035243,-8.579594,-0.414331,-0.044225,0.144155,-0.004637,-0.008082,-0.388876,0.385430,1.296927,-0.143619,0.925981,-0.026461,0.000000,0.000000,0.000000,0.000000,0.000000,0.000000,3.000000,0.145016,0.015479,-0.050454,0.001623,0.002829
1773345553.908692,1,effort,4095,-0.370585,0.385461,1.296754,-0.129813,0.927899,-0.019942,-8.579063,-8.132564,4.886683,0.416685,0.002914,-0.035243,-8.579594,-0.414331,-0.044225,0.144155,-0.004637,-0.008082,-0.388876,0.385436,1.296927,-0.143619,0.925901,-0.026461,0.000000,0.000000,0.000000,0.000000,0.000000,0.000000,3.000000,0.145016,0.015479,-0.050454,0.001623,0.002829
1773345553.921650,1,effort,4095,-0.370585,0.385461,1.296754,-0.129813,0.927899,-0.019942,-8.579063,-8.132564,4.886683,0.416685,0.002914,-0.035243,-8.579594,-0.414331,-0.044225,0.144155,-0.004637,-0.008082,-0.388876,0.385440,1.296927,-0.143619,0.925901,-0.026461,0.000000,0.000000,0.000000,0.000000,0.000000,0.000000,3.000000,0.145016,0.015479,-0.050454,0.001623,0.002829
1773345553.941245,1,effort,4095,-0.370585,0.385461,1.296754,-0.129813,0.927899,-0.019942,-8.579063,-8.132564,4.886683,0.416685,0.002914,-0.035243,-8.579594,-0.414331,-0.044225,0.144155,-0.004637,-0.008082,-0.388876,0.385440,1.296927,-0.143619,0.925901,-0.026461,0.000000,0.000000,0.000000,0.000000,0.000000,0.000000,3.000000,0.145016,0.015479,-0.050454,0.001623,0.002829
1773345553.962315,1,effort,4095,-0.370585,0.385461,1.296754,-0.129813,0.927899,-0.019942,-8.579063,-8.132564,4.886683,0.416685,0.002914,-0.035243,-8.579594,-0.414331,-0.044225,0.144155,-0.004637,-0.008082,-0.388876,0.385440,1.296927,-0.143619,0.925901,-0.026461,0.000000,0.000000,0.000000,0.000000,0.000000,0.000000,3.000000,0.145016,0.015479,-0.050454,0.001623,0.002829
1773345553.981233,1,effort,4095,-0.375079,0.385461,1.296787,-0.132689,0.927899,-0.020133,-8.178856,-8.048077,4.893607,0.433435,0.004501,-0.036918,-8.179386,-0.329844,-0.037300,0.160905,-0.003050,-0.009757,-0.388876,0.385432,1.296927,-0.143619,0.925901,-0.026461,0.000000,0.000000,0.000000,0.000000,0.000000,0.000000,2.862785,0.115445,0.013055,-0.056317,0.001067,0.003415
1773345554.001246,1,effort,4095,-0.375079,0.385461,1.296787,-0.132689,0.927899,-0.020133,-8.178856,-8.048077,4.893607,0.433435,0.004501,-0.036918,-8.179386,-0.329844,-0.037300,0.160905,-0.003050,-0.009757,-0.388876,0.385432,1.296927,-0.143619,0.925901,-0.026461,0.000000,0.000000,0.000000,0.000000,0.000000,0.000000,2.862785,0.115445,0.013055,-0.056317,0.001067,0.003415
1773345554.022942,1,effort,4095,-0.375079,0.385461,1.296787,-0.132689,0.927899,-0.020133,-8.178856,-8.048077,4.893607,0.433435,0.004501,-0.036918,-8.179386,-0.329844,-0.037300,0.160905,-0.003050,-0.009757,-0.388876,0.385432,1.296927,-0.143619,0.925901,-0.026461,0.000000,0.000000,0.000000,0.000000,0.000000,0.000000,2.862785,0.115445,0.013055,-0.056317,0.001067,0.003415
1773345554.041081,1,effort,4095,-0.375079,0.385461,1.296787,-0.132689,0.927899,-0.020133,-8.178856,-8.048077,4.893607,0.433435,0.004501,-0.036918,-8.179386,-0.329844,-0.037300,0.160905,-0.003050,-0.009757,-0.388876,0.385432,1.296927,-0.143619,0.925901,-0.026461,0.000000,0.000000,0.000000,0.000000,0.000000,0.000000,2.862785,0.115445,0.013055,-0.056317,0.001067,0.003415
1773345554.061099,1,effort,4095,-0.375079,0.385461,1.296787,-0.132689,0.927899,-0.020133,-8.178856,-8.048077,4.893607,0.433435,0.004501,-0.036918,-8.179386,-0.329844,-0.037300,0.160905,-0.003050,-0.009757,-0.388876,0.385432,1.296927,-0.143619,0.925901,-0.026461,0.000000,0.000000,0.000000,0.000000,0.000000,0.000000,2.862785,0.115445,0.013055,-0.056317,0.001067,0.003415
1773345554.081107,1,effort,4095,-0.370307,0.385476,1.296789,-0.132306,0.927899,-0.020325,-6.914449,-8.121453,4.893398,0.463585,0.002978,-0.035243,-6.914980,-0.403221,-0.037509,0.191055,-0.004573,-0.008082,-0.388876,0.385432,1.296927,-0.143619,0.925901,-0.026461,0.000000,0.000000,0.000000,0.000000,0.000000,0.000000,2.420243,0.141127,0.013128,-0.066869,0.001601,0.002829
1773345554.100882,1,effort,4095,-0.370307,0.385476,1.296789,-0.132306,0.927899,-0.020325,-6.914449,-8.121453,4.893398,0.463585,0.002978,-0.035243,-6.914980,-0.403221,-0.037509,0.191055,-0.004573,-0.008082,-0.388876,0.385432,1.296927,-0.143619,0.925901,-0.026461,0.000000,0.000000,0.000000,0.000000,0.000000,0.000000,2.420243,0.141127,0.013128,-0.066869,0.001601,0.002829
1773345554.122332,1,effort,4095,-0.370307,0.385476,1.296789,-0.132306,0.927899,-0.020325,-6.914449,-8.121453,4.893398,0.463585,0.002978,-0.035243,-6.914980,-0.403221,-0.037509,0.191055,-0.004573,-0.008082,-0.388876,0.385432,1.296927,-0.143619,0.925901,-0.026461,0.000000,0.000000,0.000000,0.000000,0.000000,0.000000,2.420243,0.141127,0.013128,-0.066869,0.001601,0.002829
1773345554.141568,1,effort,4095,-0.370307,0.385476,1.296789,-0.132306,0.927899,-0.020325,-6.914449,-8.121453,4.893398,0.463585,0.002978,-0.035243,-6.914980,-0.403221,-0.037509,0.191055,-0.004573,-0.008082,-0.388876,0.385432,1.296927,-0.143619,0.925901,-0.026461,0.000000,0.000000,0.000000,0.000000,0.000000,0.000000,2.420243,0.141127,0.013128,-0.066869,0.001601,0.002829
1773345554.161372,1,effort,4095,-0.370307,0.385476,1.296789,-0.132306,0.927899,-0.020325,-6.914449,-8.121453,4.893398,0.463585,0.002978,-0.035243,-6.914980,-0.403221,-0.037509,0.191055,-0.004573,-0.008082,-0.388876,0.385432,1.296927,-0.143619,0.925901,-0.026461,0.000000,0.000000,0.000000,0.000000,0.000000,0.000000,2.420243,0.141127,0.013128,-0.066869,0.001601,0.002829
1773345554.181289,1,effort,4095,-0.372556,0.385476,1.296791,-0.127129,0.927899,-0.020325,-10.002138,-8.120922,4.893033,0.389885,0.002977,-0.033568,-10.002669,-0.402690,-0.037875,0.117355,-0.004574,-0.006407,-0.388876,0.385432,1.296927,-0.143619,0.925901,-0.026461,0.000000,0.000000,0.000000,0.000000,0.000000,0.000000,3.000000,0.140941,0.013256,-0.041074,0.001601,0.002242
1773345554.200846,1,effort,4095,-0.372556,0.385476,1.296791,-0.127129,0.927899,-0.020325,-10.002138,-8.120922,4.893033,0.389885,0.002977,-0.033568,-10.002669,-0.402690,-0.037875,0.117355,-0.004574,-0.006407,-0.388876,0.385432,1.296927,-0.143619,0.925901,-0.026461,0.000000,0.000000,0.000000,0.000000,0.000000,0.000000,3.000000,0.140941,0.013256,-0.041074,0.001601,0.002242
1773345554.222328,1,effort,4095,-0.372556,0.385476,1.296791,-0.127129,0.927899,-0.020325,-10.002138,-8.120922,4.893033,0.389885,0.002977,-0.033568,-10.002669,-0.402690,-0.037875,0.117355,-0.004574,-0.006407,-0.388876,0.385432,1.296927,-0.143619,0.925901,-0.026461,0.000000,0.000000,0.000000,0.000000,0.000000,0.000000,3.000000,0.140941,0.013256,-0.041074,0.001601,0.002242
1773345554.240890,1,effort,4095,-0.372556,0.385476,1.296791,-0.127129,0.927899,-0.020325,-10.002138,-8.120922,4.893033,0.389885,0.002977,-0.033568,-10.002669,-0.402690,-0.037875,0.117355,-0.004574,-0.006407,-0.388876,0.385432,1.296927,-0.143619,0.925901,-0.026461,0.000000,0.000000,0.000000,0.000000,0.000000,0.000000,3.000000,0.140941,0.013256,-0.041074,0.001601,0.002242
1773345554.261116,1,effort,4095,-0.372556,0.385476,1.296791,-0.127129,0.927899,-0.020325,-10.002138,-8.120922,4.893033,0.389885,0.002977,-0.033568,-10.002669,-0.402690,-0.037875,0.117355,-0.004574,-0.006407,-0.388876,0.385432,1.296927,-0.143619,0.925901,-0.026461,0.000000,0.000000,0.000000,0.000000,0.000000,0.000000,3.000000,0.140941,0.013256,-0.041074,0.001601,0.002242
1773345554.280945,1,effort,4095,-0.371162,0.385476,1.296795,-0.128663,0.927899,-0.020325,-4.651952,-8.115883,4.893784,0.420035,0.003053,-0.035243,-4.652482,-0.397650,-0.037124,0.147505,-0.004498,-0.008082,-0.388876,0.385432,1.296927,-0.143619,0.925901,-0.026461,0.000000,0.000000,0.000000,0.000000,0.000000,0.000000,1.628369,0.139178,0.012993,-0.051627,0.001574,0.002829
1773345554.300907,1,effort,4095,-0.371162,0.385476,1.296795,-0.128663,0.927899,-0.020325,-4.651952,-8.115883,4.893784,0.420035,0.003053,-0.035243,-4.652482,-0.397650,-0.037124,0.147505,-0.004498,-0.008082,-0.388876,0.385432,1.296927,-0.143619,0.925901,-0.026461,0.000000,0.000000,0.000000,0.000000,0.000000,0.000000,1.628369,0.139178,0.012993,-0.051627,0.001574,0.002829
1773345554.322177,1,effort,4095,-0.371162,0.385476,1.296795,-0.128663,0.927899,-0.020325,-4.651952,-8.115883,4.893784,0.420035,0.003053,-0.035243,-4.652482,-0.397650,-0.037124,0.147505,-0.004498,-0.008082,-0.388876,0.385432,1.296927,-0.143619,0.925901,-0.026461,0.000000,0.000000,0.000000,0.000000,0.000000,0.000000,1.628369,0.139178,0.012993,-0.051627,0.001574,0.002829
1773345554.340959,1,effort,4095,-0.371162,0.385476,1.296795,-0.128663,0.927899,-0.020325,-4.651952,-8.115883,4.893784,0.420035,0.003053,-0.035243,-4.652482,-0.397650,-0.037124,0.147505,-0.004498,-0.008082,-0.388876,0.385432,1.296927,-0.143619,0.925901,-0.026461,0.000000,0.000000,0.000000,0.000000,0.000000,0.000000,1.628369,0.139178,0.012993,-0.051627,0.001574,0.002829
1773345554.360902,1,effort,4095,-0.371162,0.385476,1.296795,-0.128663,0.927899,-0.020325,-4.651952,-8.115883,4.893784,0.420035,0.003053,-0.035243,-4.652482,-0.397650,-0.037124,0.147505,-0.004498,-0.008082,-0.388876,0.385432,1.296927,-0.143619,0.925901,-0.026461,0.000000,0.000000,0.000000,0.000000,0.000000,0.000000,1.628369,0.139178,0.012993,-0.051627,0.001574,0.002829
1773345554.381225,1,effort,4095,-0.371375,0.385476,1.296797,-0.127320,0.927899,-0.020325,-9.495220,-8.118881,4.893479,0.409985,0.002982,-0.036918,-9.495751,-0.400649,-0.037428,0.137455,-0.004569,-0.009757,-0.388876,0.385432,1.296927,-0.143619,0.925901,-0.026461,0.000000,0.000000,0.000000,0.000000,0.000000,0.000000,3.000000,0.140227,0.013100,-0.048109,0.001599,0.003415
1773345554.400899,1,effort,4095,-0.371375,0.385476,1.296797,-0.127320,0.927899,-0.020325,-9.495220,-8.118881,4.893479,0.409985,0.002982,-0.036918,-9.495751,-0.400649,-0.037428,0.137455,-0.004569,-0.009757,-0.388876,0.385432,1.296927,-0.143619,0.925901,-0.026461,0.000000,0.000000,0.000000,0.000000,0.000000,0.000000,3.000000,0.140227,0.013100,-0.048109,0.001599,0.003415
1773345554.422603,1,effort,4095,-0.371375,0.385476,1.296797,-0.127320,0.927899,-0.020325,-9.495220,-8.118881,4.893479,0.409985,0.002982,-0.036918,-9.495751,-0.400649,-0.037428,0.137455,-0.004569,-0.009757,-0.388876,0.385432,1.296927,-0.143619,0.925901,-0.026461,0.000000,0.000000,0.000000,0.000000,0.000000,0.000000,3.000000,0.140227,0.013100,-0.048109,0.001599,0.003415
1773345554.440920,1,effort,4095,-0.371375,0.385476,1.296797,-0.127320,0.927899,-0.020325,-9.495220,-8.118881,4.893479,0.409985,0.002982,-0.036918,-9.495751,-0.400649,-0.037428,0.137455,-0.004569,-0.009757,-0.388876,0.385432,1.296927,-0.143619,0.925901,-0.026461,0.000000,0.000000,0.000000,0.000000,0.000000,0.000000,3.000000,0.140227,0.013100,-0.048109,0.001599,0.003415
1773345554.461849,1,effort,4095,-0.371375,0.385476,1.296797,-0.127320,0.927899,-0.020325,-9.495220,-8.118881,4.893479,0.409985,0.002982,-0.036918,-9.495751,-0.400649,-0.037428,0.137455,-0.004569,-0.009757,-0.388876,0.385432,1.296927,-0.143619,0.925901,-0.026461,0.000000,0.000000,0.000000,0.000000,0.000000,0.000000,3.000000,0.140227,0.013100,-0.048109,0.001599,0.003415
1773345554.481062,1,effort,4095,-0.371335,0.385476,1.296797,-0.124828,0.927899,-0.020517,-4.251022,-8.117655,4.894011,0.359735,0.003007,-0.031893,-4.251553,-0.399422,-0.036897,0.087205,-0.004544,-0.004732,-0.388876,0.385432,1.296927,-0.143619,0.925901,-0.026461,0.000000,0.000000,0.000000,0.000000,0.000000,0.000000,1.488044,0.139798,0.012914,-0.030522,0.001590,0.001656
1773345554.501232,1,effort,4095,-0.371335,0.385476,1.296797,-0.124828,0.927899,-0.020517,-4.251022,-8.117655,4.894011,0.359735,0.003007,-0.031893,-4.251553,-0.399422,-0.036897,0.087205,-0.004544,-0.004732,-0.388876,0.385432,1.296927,-0.143619,0.925901,-0.026461,0.000000,0.000000,0.000000,0.000000,0.000000,0.000000,1.488044,0.139798,0.012914,-0.030522,0.001590,0.001656
1773345554.522361,1,effort,4095,-0.371335,0.385476,1.296797,-0.124828,0.927899,-0.020517,-4.251022,-8.117655,4.894011,0.359735,0.003007,-0.031893,-4.251553,-0.399422,-0.036897,0.087205,-0.004544,-0.004732,-0.388876,0.385432,1.296927,-0.143619,0.925901,-0.026461,0.000000,0.000000,0.000000,0.000000,0.000000,0.000000,1.488044,0.139798,0.012914,-0.030522,0.001590,0.001656
1773345554.541079,1,effort,4095,-0.371335,0.385476,1.296797,-0.124828,0.927899,-0.020517,-4.251022,-8.117655,4.894011,0.359735,0.003007,-0.031893,-4.251553,-0.399422,-0.036897,0.087205,-0.004544,-0.004732,-0.388876,0.385432,1.296927,-0.143619,0.925901,-0.026461,0.000000,0.000000,0.000000,0.000000,0.000000,0.000000,1.488044,0.139798,0.012914,-0.030522,0.001590,0.001656
1773345554.561065,1,effort,4095,-0.371335,0.385476,1.296797,-0.124828,0.927899,-0.020517,-4.251022,-8.117655,4.894011,0.359735,0.003007,-0.031893,-4.251553,-0.399422,-0.036897,0.087205,-0.004544,-0.004732,-0.388876,0.385432,1.296927,-0.143619,0.925901,-0.026461,0.000000,0.000000,0.000000,0.000000,0.000000,0.000000,1.488044,0.139798,0.012914,-0.030522,0.001590,0.001656
1773345554.581022,1,effort,4095,-0.371315,0.385476,1.296797,-0.123485,0.927899,-0.020517,-7.654764,-8.118309,4.894003,0.324560,0.002982,-0.033568,-7.655294,-0.400077,-0.036904,0.052030,-0.004569,-0.006407,-0.388876,0.385432,1.296927,-0.143619,0.925901,-0.026461,0.000000,0.000000,0.000000,0.000000,0.000000,0.000000,2.679353,0.140027,0.012916,-0.018210,0.001599,0.002242
1773345554.600771,1,effort,4095,-0.371315,0.385476,1.296797,-0.123485,0.927899,-0.020517,-7.654764,-8.118309,4.894003,0.324560,0.002982,-0.033568,-7.655294,-0.400077,-0.036904,0.052030,-0.004569,-0.006407,-0.388876,0.385432,1.296927,-0.143619,0.925901,-0.026461,0.000000,0.000000,0.000000,0.000000,0.000000,0.000000,2.679353,0.140027,0.012916,-0.018210,0.001599,0.002242
1773345554.622331,1,effort,4095,-0.371315,0.385476,1.296797,-0.123485,0.927899,-0.020517,-7.654764,-8.118309,4.894003,0.324560,0.002982,-0.033568,-7.655294,-0.400077,-0.036904,0.052030,-0.004569,-0.006407,-0.388876,0.385432,1.296927,-0.143619,0.925901,-0.026461,0.000000,0.000000,0.000000,0.000000,0.000000,0.000000,2.679353,0.140027,0.012916,-0.018210,0.001599,0.002242
1773345554.641171,1,effort,4095,-0.371315,0.385476,1.296797,-0.123485,0.927899,-0.020517,-7.654764,-8.118309,4.894003,0.324560,0.002982,-0.033568,-7.655294,-0.400077,-0.036904,0.052030,-0.004569,-0.006407,-0.388876,0.385432,1.296927,-0.143619,0.925901,-0.026461,0.000000,0.000000,0.000000,0.000000,0.000000,0.000000,2.679353,0.140027,0.012916,-0.018210,0.001599,0.002242
1773345554.661153,1,effort,4095,-0.371315,0.385476,1.296797,-0.123485,0.927899,-0.020517,-7.654764,-8.118309,4.894003,0.324560,0.002982,-0.033568,-7.655294,-0.400077,-0.036904,0.052030,-0.004569,-0.006407,-0.388876,0.385432,1.296927,-0.143619,0.925901,-0.026461,0.000000,0.000000,0.000000,0.000000,0.000000,0.000000,2.679353,0.140027,0.012916,-0.018210,0.001599,0.002242
1773345554.681370,1,effort,4095,-0.371348,0.385476,1.296797,-0.122335,0.927899,-0.020517,-7.501627,-8.118593,4.894431,0.301110,0.002969,-0.031893,-7.502158,-0.400361,-0.036477,0.028580,-0.004582,-0.004732,-0.388876,0.385432,1.296927,-0.143619,0.925901,-0.026461,0.000000,0.000000,0.000000,0.000000,0.000000,0.000000,2.625755,0.140126,0.012767,-0.010003,0.001604,0.001656
1773345554.701435,1,effort,4095,-0.371348,0.385476,1.296797,-0.122335,0.927899,-0.020517,-7.501627,-8.118593,4.894431,0.301110,0.002969,-0.031893,-7.502158,-0.400361,-0.036477,0.028580,-0.004582,-0.004732,-0.388876,0.385432,1.296927,-0.143619,0.925901,-0.026461,0.000000,0.000000,0.000000,0.000000,0.000000,0.000000,2.625755,0.140126,0.012767,-0.010003,0.001604,0.001656
1773345554.722579,1,effort,4095,-0.371348,0.385476,1.296797,-0.122335,0.927899,-0.020517,-7.501627,-8.118593,4.894431,0.301110,0.002969,-0.031893,-7.502158,-0.400361,-0.036477,0.028580,-0.004582,-0.004732,-0.388876,0.385432,1.296927,-0.143619,0.925901,-0.026461,0.000000,0.000000,0.000000,0.000000,0.000000,0.000000,2.625755,0.140126,0.012767,-0.010003,0.001604,0.001656
1773345554.741120,1,effort,4095,-0.371348,0.385476,1.296797,-0.122335,0.927899,-0.020517,-7.501627,-8.118593,4.894431,0.301110,0.002969,-0.031893,-7.502158,-0.400361,-0.036477,0.028580,-0.004582,-0.004732,-0.388876,0.385432,1.296927,-0.143619,0.925901,-0.026461,0.000000,0.000000,0.000000,0.000000,0.000000,0.000000,2.625755,0.140126,0.012767,-0.010003,0.001604,0.001656
1773345554.761346,1,effort,4095,-0.371348,0.385476,1.296797,-0.122335,0.927899,-0.020517,-7.501627,-8.118593,4.894431,0.301110,0.002969,-0.031893,-7.502158,-0.400361,-0.036477,0.028580,-0.004582,-0.004732,-0.388876,0.385432,1.296927,-0.143619,0.925901,-0.026461,0.000000,0.000000,0.000000,0.000000,0.000000,0.000000,2.625755,0.140126,0.012767,-0.010003,0.001604,0.001656
1773345554.781534,1,effort,4095,-0.371486,0.385470,1.296797,-0.120993,0.927899,-0.020517,-3.504451,-8.119023,4.894945,0.262585,0.002957,-0.028543,-3.504982,-0.400791,-0.035962,-0.009945,-0.004593,-0.001382,-0.388876,0.385432,1.296927,-0.143619,0.925901,-0.026461,0.000000,0.000000,0.000000,0.000000,0.000000,0.000000,1.226744,0.140277,0.012587,0.003481,0.001608,0.000484
1773345554.801045,1,effort,4095,-0.371486,0.385470,1.296797,-0.120993,0.927899,-0.020517,-3.504451,-8.119023,4.894945,0.262585,0.002957,-0.028543,-3.504982,-0.400791,-0.035962,-0.009945,-0.004593,-0.001382,-0.388876,0.385432,1.296927,-0.143619,0.925901,-0.026461,0.000000,0.000000,0.000000,0.000000,0.000000,0.000000,1.226744,0.140277,0.012587,0.003481,0.001608,0.000484
1773345554.822768,1,effort,4095,-0.371486,0.385470,1.296797,-0.120993,0.927899,-0.020517,-3.504451,-8.119023,4.894945,0.262585,0.002957,-0.028543,-3.504982,-0.400791,-0.035962,-0.009945,-0.004593,-0.001382,-0.388876,0.385432,1.296927,-0.143619,0.925901,-0.026461,0.000000,0.000000,0.000000,0.000000,0.000000,0.000000,1.226744,0.140277,0.012587,0.003481,0.001608,0.000484
1773345554.841734,1,effort,4095,-0.371486,0.385470,1.296797,-0.120993,0.927899,-0.020517,-3.504451,-8.119023,4.894945,0.262585,0.002957,-0.028543,-3.504982,-0.400791,-0.035962,-0.009945,-0.004593,-0.001382,-0.388876,0.385432,1.296927,-0.143619,0.925901,-0.026461,0.000000,0.000000,0.000000,0.000000,0.000000,0.000000,1.226744,0.140277,0.012587,0.003481,0.001608,0.000484
1773345554.861369,1,effort,4095,-0.371486,0.385470,1.296797,-0.120993,0.927899,-0.020517,-3.504451,-8.119023,4.894945,0.262585,0.002957,-0.028543,-3.504982,-0.400791,-0.035962,-0.009945,-0.004593,-0.001382,-0.388876,0.385432,1.296927,-0.143619,0.925901,-0.026461,0.000000,0.000000,0.000000,0.000000,0.000000,0.000000,1.226744,0.140277,0.012587,0.003481,0.001608,0.000484
1773345554.881302,1,effort,4095,-0.371948,0.385470,1.296797,-0.120993,0.927899,-0.020517,-1.390321,-8.119311,4.895213,0.214010,0.002945,-0.030218,-1.390851,-0.401079,-0.035695,-0.058520,-0.004605,-0.003057,-0.388876,0.385432,1.296927,-0.143619,0.925901,-0.026461,0.000000,0.000000,0.000000,0.000000,0.000000,0.000000,0.486798,0.140378,0.012493,0.020482,0.001612,0.001070
1773345554.901159,1,effort,4095,-0.371948,0.385470,1.296797,-0.120993,0.927899,-0.020517,-1.390321,-8.119311,4.895213,0.214010,0.002945,-0.030218,-1.390851,-0.401079,-0.035695,-0.058520,-0.004605,-0.003057,-0.388876,0.385432,1.296927,-0.143619,0.925901,-0.026461,0.000000,0.000000,0.000000,0.000000,0.000000,0.000000,0.486798,0.140378,0.012493,0.020482,0.001612,0.001070
1773345554.922307,1,effort,4095,-0.371948,0.385470,1.296797,-0.120993,0.927899,-0.020517,-1.390321,-8.119311,4.895213,0.214010,0.002945,-0.030218,-1.390851,-0.401079,-0.035695,-0.058520,-0.004605,-0.003057,-0.388876,0.385432,1.296927,-0.143619,0.925901,-0.026461,0.000000,0.000000,0.000000,0.000000,0.000000,0.000000,0.486798,0.140378,0.012493,0.020482,0.001612,0.001070
1773345554.941348,1,effort,4095,-0.371948,0.385470,1.296797,-0.120993,0.927899,-0.020517,-1.390321,-8.119311,4.895213,0.214010,0.002945,-0.030218,-1.390851,-0.401079,-0.035695,-0.058520,-0.004605,-0.003057,-0.388876,0.385432,1.296927,-0.143619,0.925901,-0.026461,0.000000,0.000000,0.000000,0.000000,0.000000,0.000000,0.486798,0.140378,0.012493,0.020482,0.001612,0.001070
1773345554.961227,1,effort,4095,-0.371948,0.385470,1.296797,-0.120993,0.927899,-0.020517,-1.390321,-8.119311,4.895213,0.214010,0.002945,-0.030218,-1.390851,-0.401079,-0.035695,-0.058520,-0.004605,-0.003057,-0.388876,0.385432,1.296927,-0.143619,0.925901,-0.026461,0.000000,0.000000,0.000000,0.000000,0.000000,0.000000,0.486798,0.140378,0.012493,0.020482,0.001612,0.001070
1773345554.981478,1,effort,4095,-0.372282,0.385449,1.296797,-0.120609,0.927899,-0.020517,-0.004981,-8.118047,4.894175,0.217360,0.002955,-0.031893,-0.005511,-0.399814,-0.036733,-0.055170,-0.004596,-0.004732,-0.388876,0.385432,1.296927,-0.143619,0.925901,-0.026461,0.000000,0.000000,0.000000,0.000000,0.000000,0.000000,0.001929,0.139935,0.012857,0.019310,0.001609,0.001656
1773345555.001307,1,effort,4095,-0.372282,0.385449,1.296797,-0.120609,0.927899,-0.020517,-0.004981,-8.118047,4.894175,0.217360,0.002955,-0.031893,-0.005511,-0.399814,-0.036733,-0.055170,-0.004596,-0.004732,-0.388876,0.385432,1.296927,-0.143619,0.925901,-0.026461,0.000000,0.000000,0.000000,0.000000,0.000000,0.000000,0.001929,0.139935,0.012857,0.019310,0.001609,0.001656
1773345555.022672,1,effort,4095,-0.372282,0.385449,1.296797,-0.120609,0.927899,-0.020517,-0.004981,-8.118047,4.894175,0.217360,0.002955,-0.031893,-0.005511,-0.399814,-0.036733,-0.055170,-0.004596,-0.004732,-0.388876,0.385432,1.296927,-0.143619,0.925901,-0.026461,0.000000,0.000000,0.000000,0.000000,0.000000,0.000000,0.001929,0.139935,0.012857,0.019310,0.001609,0.001656
1773345555.041477,1,effort,4095,-0.372282,0.385449,1.296797,-0.120609,0.927899,-0.020517,-0.004981,-8.118047,4.894175,0.217360,0.002955,-0.031893,-0.005511,-0.399814,-0.036733,-0.055170,-0.004596,-0.004732,-0.388876,0.385432,1.296927,-0.143619,0.925901,-0.026461,0.000000,0.000000,0.000000,0.000000,0.000000,0.000000,0.001929,0.139935,0.012857,0.019310,0.001609,0.001656
1773345555.061849,1,effort,4095,-0.372282,0.385449,1.296797,-0.120609,0.927899,-0.020517,-0.004981,-8.118047,4.894175,0.217360,0.002955,-0.031893,-0.005511,-0.399814,-0.036733,-0.055170,-0.004596,-0.004732,-0.388876,0.385432,1.296927,-0.143619,0.925901,-0.026461,0.000000,0.000000,0.000000,0.000000,0.000000,0.000000,0.001929,0.139935,0.012857,0.019310,0.001609,0.001656
1773345555.081222,1,effort,4095,-0.372838,0.385432,1.296797,-0.122335,0.927899,-0.020517,-0.000253,-8.122671,4.897432,0.225735,0.002944,-0.033568,-0.000783,-0.404439,-0.033476,-0.046795,-0.004607,-0.006407,-0.388876,0.385432,1.296927,-0.143619,0.925901,-0.026461,0.000000,0.000000,0.000000,0.000000,0.000000,0.000000,0.000274,0.141554,0.011717,0.016378,0.001612,0.002242
1773345555.101302,1,effort,4095,-0.372838,0.385432,1.296797,-0.122335,0.927899,-0.020517,-0.000253,-8.122671,4.897432,0.225735,0.002944,-0.033568,-0.000783,-0.404439,-0.033476,-0.046795,-0.004607,-0.006407,-0.388876,0.385432,1.296927,-0.143619,0.925901,-0.026461,0.000000,0.000000,0.000000,0.000000,0.000000,0.000000,0.000274,0.141554,0.011717,0.016378,0.001612,0.002242
1773345555.122350,1,effort,4095,-0.372838,0.385432,1.296797,-0.122335,0.927899,-0.020517,-0.000253,-8.122671,4.897432,0.225735,0.002944,-0.033568,-0.000783,-0.404439,-0.033476,-0.046795,-0.004607,-0.006407,-0.388876,0.385432,1.296927,-0.143619,0.925901,-0.026461,0.000000,0.000000,0.000000,0.000000,0.000000,0.000000,0.000274,0.141554,0.011717,0.016378,0.001612,0.002242
1773345555.141239,1,effort,4095,-0.372838,0.385432,1.296797,-0.122335,0.927899,-0.020517,-0.000253,-8.122671,4.897432,0.225735,0.002944,-0.033568,-0.000783,-0.404439,-0.033476,-0.046795,-0.004607,-0.006407,-0.388876,0.385432,1.296927,-0.143619,0.925901,-0.026461,0.000000,0.000000,0.000000,0.000000,0.000000,0.000000,0.000274,0.141554,0.011717,0.016378,0.001612,0.002242
1773345555.161246,1,effort,4095,-0.372838,0.385432,1.296797,-0.122335,0.927899,-0.020517,-0.000253,-8.122671,4.897432,0.225735,0.002944,-0.033568,-0.000783,-0.404439,-0.033476,-0.046795,-0.004607,-0.006407,-0.388876,0.385432,1.296927,-0.143619,0.925901,-0.026461,0.000000,0.000000,0.000000,0.000000,0.000000,0.000000,0.000274,0.141554,0.011717,0.016378,0.001612,0.002242
1773345555.181456,1,effort,4095,-0.373152,0.385424,1.296797,-0.124636,0.927899,-0.020517,-0.002178,-8.118832,4.895187,0.237460,0.002948,-0.025193,-0.002708,-0.400599,-0.035720,-0.035070,-0.004603,0.001968,-0.388876,0.385432,1.296927,-0.143619,0.925901,-0.026461,0.000000,0.000000,0.000000,0.000000,0.000000,0.000000,0.000948,0.140210,0.012502,0.012275,0.001611,-0.000689
1773345555.200948,1,effort,4095,-0.373152,0.385424,1.296797,-0.124636,0.927899,-0.020517,-0.002178,-8.118832,4.895187,0.237460,0.002948,-0.025193,-0.002708,-0.400599,-0.035720,-0.035070,-0.004603,0.001968,-0.388876,0.385432,1.296927,-0.143619,0.925901,-0.026461,0.000000,0.000000,0.000000,0.000000,0.000000,0.000000,0.000948,0.140210,0.012502,0.012275,0.001611,-0.000689
1773345555.223529,1,effort,4095,-0.373152,0.385424,1.296797,-0.124636,0.927899,-0.020517,-0.002178,-8.118832,4.895187,0.237460,0.002948,-0.025193,-0.002708,-0.400599,-0.035720,-0.035070,-0.004603,0.001968,-0.388876,0.385432,1.296927,-0.143619,0.925901,-0.026461,0.000000,0.000000,0.000000,0.000000,0.000000,0.000000,0.000948,0.140210,0.012502,0.012275,0.001611,-0.000689
1773345555.241512,1,effort,4095,-0.373152,0.385424,1.296797,-0.124636,0.927899,-0.020517,-0.002178,-8.118832,4.895187,0.237460,0.002948,-0.025193,-0.002708,-0.400599,-0.035720,-0.035070,-0.004603,0.001968,-0.388876,0.385432,1.296927,-0.143619,0.925901,-0.026461,0.000000,0.000000,0.000000,0.000000,0.000000,0.000000,0.000948,0.140210,0.012502,0.012275,0.001611,-0.000689
1773345555.261205,1,effort,4095,-0.373152,0.385424,1.296797,-0.124636,0.927899,-0.020517,-0.002178,-8.118832,4.895187,0.237460,0.002948,-0.025193,-0.002708,-0.400599,-0.035720,-0.035070,-0.004603,0.001968,-0.388876,0.385432,1.296927,-0.143619,0.925901,-0.026461,0.000000,0.000000,0.000000,0.000000,0.000000,0.000000,0.000948,0.140210,0.012502,0.012275,0.001611,-0.000689
1773345555.281283,1,effort,4095,-0.373511,0.385407,1.296800,-0.125595,0.927899,-0.020517,0.002101,-8.118687,4.894994,0.252535,0.002954,-0.033568,0.001570,-0.400454,-0.035914,-0.019995,-0.004597,-0.006407,-0.388876,0.385432,1.296927,-0.143619,0.925901,-0.026461,0.000000,0.000000,0.000000,0.000000,0.000000,0.000000,-0.000550,0.140159,0.012570,0.006998,0.001609,0.002242
1773345555.300901,1,effort,4095,-0.373511,0.385407,1.296800,-0.125595,0.927899,-0.020517,0.002101,-8.118687,4.894994,0.252535,0.002954,-0.033568,0.001570,-0.400454,-0.035914,-0.019995,-0.004597,-0.006407,-0.388876,0.385432,1.296927,-0.143619,0.925901,-0.026461,0.000000,0.000000,0.000000,0.000000,0.000000,0.000000,-0.000550,0.140159,0.012570,0.006998,0.001609,0.002242
1773345555.322305,1,effort,4095,-0.373511,0.385407,1.296800,-0.125595,0.927899,-0.020517,0.002101,-8.118687,4.894994,0.252535,0.002954,-0.033568,0.001570,-0.400454,-0.035914,-0.019995,-0.004597,-0.006407,-0.388876,0.385432,1.296927,-0.143619,0.925901,-0.026461,0.000000,0.000000,0.000000,0.000000,0.000000,0.000000,-0.000550,0.140159,0.012570,0.006998,0.001609,0.002242
1773345555.341131,1,effort,4095,-0.373511,0.385407,1.296800,-0.125595,0.927899,-0.020517,0.002101,-8.118687,4.894994,0.252535,0.002954,-0.033568,0.001570,-0.400454,-0.035914,-0.019995,-0.004597,-0.006407,-0.388876,0.385432,1.296927,-0.143619,0.925901,-0.026461,0.000000,0.000000,0.000000,0.000000,0.000000,0.000000,-0.000550,0.140159,0.012570,0.006998,0.001609,0.002242
1773345555.361142,1,effort,4095,-0.373511,0.385407,1.296800,-0.125595,0.927899,-0.020517,0.002101,-8.118687,4.894994,0.252535,0.002954,-0.033568,0.001570,-0.400454,-0.035914,-0.019995,-0.004597,-0.006407,-0.388876,0.385432,1.296927,-0.143619,0.925901,-0.026461,0.000000,0.000000,0.000000,0.000000,0.000000,0.000000,-0.000550,0.140159,0.012570,0.006998,0.001609,0.002242
1773345555.381614,1,effort,4095,-0.373777,0.385405,1.296804,-0.125595,0.927899,-0.020517,0.003463,-8.118488,4.894859,0.239135,0.002960,-0.031893,0.002932,-0.400256,-0.036049,-0.033395,-0.004591,-0.004732,-0.388876,0.385432,1.296927,-0.143619,0.925901,-0.026461,0.000000,0.000000,0.000000,0.000000,0.000000,0.000000,-0.001026,0.140090,0.012617,0.011688,0.001607,0.001656
1773345555.401441,1,effort,4095,-0.373777,0.385405,1.296804,-0.125595,0.927899,-0.020517,0.003463,-8.118488,4.894859,0.239135,0.002960,-0.031893,0.002932,-0.400256,-0.036049,-0.033395,-0.004591,-0.004732,-0.388876,0.385432,1.296927,-0.143619,0.925901,-0.026461,0.000000,0.000000,0.000000,0.000000,0.000000,0.000000,-0.001026,0.140090,0.012617,0.011688,0.001607,0.001656
1773345555.422372,1,effort,4095,-0.373777,0.385405,1.296804,-0.125595,0.927899,-0.020517,0.003463,-8.118488,4.894859,0.239135,0.002960,-0.031893,0.002932,-0.400256,-0.036049,-0.033395,-0.004591,-0.004732,-0.388876,0.385432,1.296927,-0.143619,0.925901,-0.026461,0.000000,0.000000,0.000000,0.000000,0.000000,0.000000,-0.001026,0.140090,0.012617,0.011688,0.001607,0.001656
1773345555.440957,1,effort,4095,-0.373777,0.385405,1.296804,-0.125595,0.927899,-0.020517,0.003463,-8.118488,4.894859,0.239135,0.002960,-0.031893,0.002932,-0.400256,-0.036049,-0.033395,-0.004591,-0.004732,-0.388876,0.385432,1.296927,-0.143619,0.925901,-0.026461,0.000000,0.000000,0.000000,0.000000,0.000000,0.000000,-0.001026,0.140090,0.012617,0.011688,0.001607,0.001656
1773345555.461269,1,effort,4095,-0.373777,0.385405,1.296804,-0.125595,0.927899,-0.020517,0.003463,-8.118488,4.894859,0.239135,0.002960,-0.031893,0.002932,-0.400256,-0.036049,-0.033395,-0.004591,-0.004732,-0.388876,0.385432,1.296927,-0.143619,0.925901,-0.026461,0.000000,0.000000,0.000000,0.000000,0.000000,0.000000,-0.001026,0.140090,0.012617,0.011688,0.001607,0.001656
1773345555.481111,1,effort,4095,-0.374042,0.385395,1.296804,-0.125978,0.927899,-0.020517,-0.038904,-8.114049,4.895740,0.249185,0.003036,-0.025193,-0.039435,-0.395816,-0.035168,-0.023345,-0.004515,0.001968,-0.388876,0.385432,1.296927,-0.143619,0.925901,-0.026461,0.000000,0.000000,0.000000,0.000000,0.000000,0.000000,0.013802,0.138536,0.012309,0.008171,0.001580,-0.000689
1773345555.501312,1,effort,4095,-0.374042,0.385395,1.296804,-0.125978,0.927899,-0.020517,-0.038904,-8.114049,4.895740,0.249185,0.003036,-0.025193,-0.039435,-0.395816,-0.035168,-0.023345,-0.004515,0.001968,-0.388876,0.385432,1.296927,-0.143619,0.925901,-0.026461,0.000000,0.000000,0.000000,0.000000,0.000000,0.000000,0.013802,0.138536,0.012309,0.008171,0.001580,-0.000689
1773345555.522529,1,effort,4095,-0.374042,0.385395,1.296804,-0.125978,0.927899,-0.020517,-0.038904,-8.114049,4.895740,0.249185,0.003036,-0.025193,-0.039435,-0.395816,-0.035168,-0.023345,-0.004515,0.001968,-0.388876,0.385432,1.296927,-0.143619,0.925901,-0.026461,0.000000,0.000000,0.000000,0.000000,0.000000,0.000000,0.013802,0.138536,0.012309,0.008171,0.001580,-0.000689
1773345555.541327,1,effort,4095,-0.374042,0.385395,1.296804,-0.125978,0.927899,-0.020517,-0.038904,-8.114049,4.895740,0.249185,0.003036,-0.025193,-0.039435,-0.395816,-0.035168,-0.023345,-0.004515,0.001968,-0.388876,0.385432,1.296927,-0.143619,0.925901,-0.026461,0.000000,0.000000,0.000000,0.000000,0.000000,0.000000,0.013802,0.138536,0.012309,0.008171,0.001580,-0.000689
1773345555.561370,1,effort,4095,-0.374042,0.385395,1.296804,-0.125978,0.927899,-0.020517,-0.038904,-8.114049,4.895740,0.249185,0.003036,-0.025193,-0.039435,-0.395816,-0.035168,-0.023345,-0.004515,0.001968,-0.388876,0.385432,1.296927,-0.143619,0.925901,-0.026461,0.000000,0.000000,0.000000,0.000000,0.000000,0.000000,0.013802,0.138536,0.012309,0.008171,0.001580,-0.000689
1773345555.581747,1,effort,4095,-0.374255,0.385395,1.296806,-0.125978,0.927899,-0.020517,0.007232,-8.118629,4.894228,0.244160,0.002960,-0.033568,0.006701,-0.400397,-0.036680,-0.028370,-0.004591,-0.006407,-0.388876,0.385432,1.296927,-0.143619,0.925901,-0.026461,0.000000,0.000000,0.000000,0.000000,0.000000,0.000000,-0.002345,0.140139,0.012838,0.009930,0.001607,0.002242
1773345555.601478,1,effort,4095,-0.374255,0.385395,1.296806,-0.125978,0.927899,-0.020517,0.007232,-8.118629,4.894228,0.244160,0.002960,-0.033568,0.006701,-0.400397,-0.036680,-0.028370,-0.004591,-0.006407,-0.388876,0.385432,1.296927,-0.143619,0.925901,-0.026461,0.000000,0.000000,0.000000,0.000000,0.000000,0.000000,-0.002345,0.140139,0.012838,0.009930,0.001607,0.002242
1773345555.621978,1,effort,4095,-0.374255,0.385395,1.296806,-0.125978,0.927899,-0.020517,0.007232,-8.118629,4.894228,0.244160,0.002960,-0.033568,0.006701,-0.400397,-0.036680,-0.028370,-0.004591,-0.006407,-0.388876,0.385432,1.296927,-0.143619,0.925901,-0.026461,0.000000,0.000000,0.000000,0.000000,0.000000,0.000000,-0.002345,0.140139,0.012838,0.009930,0.001607,0.002242
1773345555.641529,1,effort,4095,-0.374255,0.385395,1.296806,-0.125978,0.927899,-0.020517,0.007232,-8.118629,4.894228,0.244160,0.002960,-0.033568,0.006701,-0.400397,-0.036680,-0.028370,-0.004591,-0.006407,-0.388876,0.385432,1.296927,-0.143619,0.925901,-0.026461,0.000000,0.000000,0.000000,0.000000,0.000000,0.000000,-0.002345,0.140139,0.012838,0.009930,0.001607,0.002242
1773345555.661450,1,effort,4095,-0.374255,0.385395,1.296806,-0.125978,0.927899,-0.020517,0.007232,-8.118629,4.894228,0.244160,0.002960,-0.033568,0.006701,-0.400397,-0.036680,-0.028370,-0.004591,-0.006407,-0.388876,0.385432,1.296927,-0.143619,0.925901,-0.026461,0.000000,0.000000,0.000000,0.000000,0.000000,0.000000,-0.002345,0.140139,0.012838,0.009930,0.001607,0.002242
1773345555.681458,1,effort,4095,-0.374450,0.385395,1.296808,-0.125978,0.927899,-0.020517,-0.000338,-8.117399,4.894579,0.247510,0.002969,-0.028543,-0.000869,-0.399167,-0.036328,-0.025020,-0.004582,-0.001382,-0.388876,0.385432,1.296927,-0.143619,0.925901,-0.026461,0.000000,0.000000,0.000000,0.000000,0.000000,0.000000,0.000304,0.139708,0.012715,0.008757,0.001604,0.000484
1773345555.701587,1,effort,4095,-0.374450,0.385395,1.296808,-0.125978,0.927899,-0.020517,-0.000338,-8.117399,4.894579,0.247510,0.002969,-0.028543,-0.000869,-0.399167,-0.036328,-0.025020,-0.004582,-0.001382,-0.388876,0.385432,1.296927,-0.143619,0.925901,-0.026461,0.000000,0.000000,0.000000,0.000000,0.000000,0.000000,0.000304,0.139708,0.012715,0.008757,0.001604,0.000484
1773345555.722777,1,effort,4095,-0.374450,0.385395,1.296808,-0.125978,0.927899,-0.020517,-0.000338,-8.117399,4.894579,0.247510,0.002969,-0.028543,-0.000869,-0.399167,-0.036328,-0.025020,-0.004582,-0.001382,-0.388876,0.385432,1.296927,-0.143619,0.925901,-0.026461,0.000000,0.000000,0.000000,0.000000,0.000000,0.000000,0.000304,0.139708,0.012715,0.008757,0.001604,0.000484
1773345555.742111,1,effort,4095,-0.374450,0.385395,1.296808,-0.125978,0.927899,-0.020517,-0.000338,-8.117399,4.894579,0.247510,0.002969,-0.028543,-0.000869,-0.399167,-0.036328,-0.025020,-0.004582,-0.001382,-0.388876,0.385432,1.296927,-0.143619,0.925901,-0.026461,0.000000,0.000000,0.000000,0.000000,0.000000,0.000000,0.000304,0.139708,0.012715,0.008757,0.001604,0.000484
1773345555.761542,1,effort,4095,-0.374450,0.385395,1.296808,-0.125978,0.927899,-0.020517,-0.000338,-8.117399,4.894579,0.247510,0.002969,-0.028543,-0.000869,-0.399167,-0.036328,-0.025020,-0.004582,-0.001382,-0.388876,0.385432,1.296927,-0.143619,0.925901,-0.026461,0.000000,0.000000,0.000000,0.000000,0.000000,0.000000,0.000304,0.139708,0.012715,0.008757,0.001604,0.000484
1773345555.781429,1,effort,4095,-0.374596,0.385392,1.296810,-0.125978,0.927899,-0.020517,0.004108,-8.118178,4.894435,0.240810,0.002963,-0.033568,0.003577,-0.399946,-0.036472,-0.031720,-0.004588,-0.006407,-0.388876,0.385432,1.296927,-0.143619,0.925901,-0.026461,0.000000,0.000000,0.000000,0.000000,0.000000,0.000000,-0.001252,0.139981,0.012765,0.011102,0.001606,0.002242
1773345555.801258,1,effort,4095,-0.374596,0.385392,1.296810,-0.125978,0.927899,-0.020517,0.004108,-8.118178,4.894435,0.240810,0.002963,-0.033568,0.003577,-0.399946,-0.036472,-0.031720,-0.004588,-0.006407,-0.388876,0.385432,1.296927,-0.143619,0.925901,-0.026461,0.000000,0.000000,0.000000,0.000000,0.000000,0.000000,-0.001252,0.139981,0.012765,0.011102,0.001606,0.002242
1773345555.823011,1,effort,4095,-0.374596,0.385392,1.296810,-0.125978,0.927899,-0.020517,0.004108,-8.118178,4.894435,0.240810,0.002963,-0.033568,0.003577,-0.399946,-0.036472,-0.031720,-0.004588,-0.006407,-0.388876,0.385432,1.296927,-0.143619,0.925901,-0.026461,0.000000,0.000000,0.000000,0.000000,0.000000,0.000000,-0.001252,0.139981,0.012765,0.011102,0.001606,0.002242
1773345555.841102,1,effort,4095,-0.374596,0.385392,1.296810,-0.125978,0.927899,-0.020517,0.004108,-8.118178,4.894435,0.240810,0.002963,-0.033568,0.003577,-0.399946,-0.036472,-0.031720,-0.004588,-0.006407,-0.388876,0.385432,1.296927,-0.143619,0.925901,-0.026461,0.000000,0.000000,0.000000,0.000000,0.000000,0.000000,-0.001252,0.139981,0.012765,0.011102,0.001606,0.002242
1773345555.860944,1,effort,4095,-0.374596,0.385392,1.296810,-0.125978,0.927899,-0.020517,0.004108,-8.118178,4.894435,0.240810,0.002963,-0.033568,0.003577,-0.399946,-0.036472,-0.031720,-0.004588,-0.006407,-0.388876,0.385432,1.296927,-0.143619,0.925901,-0.026461,0.000000,0.000000,0.000000,0.000000,0.000000,0.000000,-0.001252,0.139981,0.012765,0.011102,0.001606,0.002242
1773345559.561068,2,effort,4095,-0.362484,0.395405,1.296371,-0.108146,0.942360,-0.021859,-11.799568,-9.715592,4.682829,0.803610,0.006803,-0.036918,-11.800099,-1.997360,-0.248079,0.531080,-0.000748,-0.009757,-0.414071,0.435037,1.295953,-0.087437,0.926301,-0.033172,0.000000,0.000000,0.000000,0.000000,0.000000,0.000000,3.000000,0.699076,0.086828,-0.185878,0.000262,0.003415
1773345559.581105,2,effort,4095,-0.395205,0.407297,1.296338,-0.110063,0.942360,-0.024544,-11.718884,-8.837669,4.651478,0.853860,0.005502,-0.045293,-11.719414,-1.119437,-0.279429,0.581330,-0.002049,-0.018132,-0.414071,0.440229,1.295953,-0.084944,0.924463,-0.033172,0.000000,0.000000,0.000000,0.000000,0.000000,0.000000,3.000000,0.391803,0.097800,-0.203465,0.000717,0.006346
1773345559.606652,2,effort,4095,-0.395205,0.407297,1.296338,-0.110063,0.942360,-0.024544,-11.718884,-8.837669,4.651478,0.853860,0.005502,-0.045293,-11.719414,-1.119437,-0.279429,0.581330,-0.002049,-0.018132,-0.414071,0.442095,1.295953,-0.083602,0.923904,-0.033364,0.000000,0.000000,0.000000,0.000000,0.000000,0.000000,3.000000,0.391803,0.097800,-0.203465,0.000717,0.006346
1773345559.624185,2,effort,4095,-0.395205,0.407297,1.296338,-0.110063,0.942360,-0.024544,-11.718884,-8.837669,4.651478,0.853860,0.005502,-0.045293,-11.719414,-1.119437,-0.279429,0.581330,-0.002049,-0.018132,-0.414064,0.446551,1.295953,-0.077466,0.921108,-0.035473,0.000000,0.000000,0.000000,0.000000,0.000000,0.000000,3.000000,0.391803,0.097800,-0.203465,0.000717,0.006346
1773345559.641031,2,effort,4095,-0.395205,0.407297,1.296338,-0.110063,0.942360,-0.024544,-11.718884,-8.837669,4.651478,0.853860,0.005502,-0.045293,-11.719414,-1.119437,-0.279429,0.581330,-0.002049,-0.018132,-0.414064,0.446551,1.295953,-0.077466,0.921108,-0.035473,0.000000,0.000000,0.000000,0.000000,0.000000,0.000000,3.000000,0.391803,0.097800,-0.203465,0.000717,0.006346
1773345559.661245,2,effort,4095,-0.395205,0.407297,1.296338,-0.110063,0.942360,-0.024544,-11.718884,-8.837669,4.651478,0.853860,0.005502,-0.045293,-11.719414,-1.119437,-0.279429,0.581330,-0.002049,-0.018132,-0.414064,0.446551,1.295953,-0.077466,0.921108,-0.035473,0.000000,0.000000,0.000000,0.000000,0.000000,0.000000,3.000000,0.391803,0.097800,-0.203465,0.000717,0.006346
1773345559.681308,2,effort,4095,-0.399930,0.415534,1.296170,-0.097983,0.939723,-0.025119,-8.417072,-11.179648,4.629949,0.614335,-0.370370,-0.043618,-8.417603,-3.461416,-0.300959,0.341805,-0.377921,-0.016457,-0.414064,0.446550,1.295953,-0.077468,0.921109,-0.035473,0.000000,0.000000,0.000000,0.000000,0.000000,0.000000,2.946161,1.211496,0.105335,-0.119632,0.132272,0.005760
1773345559.700927,2,effort,4095,-0.399930,0.415534,1.296170,-0.097983,0.939723,-0.025119,-8.417072,-11.179648,4.629949,0.614335,-0.370370,-0.043618,-8.417603,-3.461416,-0.300959,0.341805,-0.377921,-0.016457,-0.414064,0.446241,1.295953,-0.077943,0.921332,-0.035308,0.000000,0.000000,0.000000,0.000000,0.000000,0.000000,2.946161,1.211496,0.105335,-0.119632,0.132272,0.005760
1773345559.722459,2,effort,4095,-0.399930,0.415534,1.296170,-0.097983,0.939723,-0.025119,-8.417072,-11.179648,4.629949,0.614335,-0.370370,-0.043618,-8.417603,-3.461416,-0.300959,0.341805,-0.377921,-0.016457,-0.414066,0.445627,1.295953,-0.078887,0.921777,-0.034979,0.000000,0.000000,0.000000,0.000000,0.000000,0.000000,2.946161,1.211496,0.105335,-0.119632,0.132272,0.005760
1773345559.741278,2,effort,4095,-0.399930,0.415534,1.296170,-0.097983,0.939723,-0.025119,-8.417072,-11.179648,4.629949,0.614335,-0.370370,-0.043618,-8.417603,-3.461416,-0.300959,0.341805,-0.377921,-0.016457,-0.414069,0.444374,1.295953,-0.080814,0.922685,-0.034308,0.000000,0.000000,0.000000,0.000000,0.000000,0.000000,2.946161,1.211496,0.105335,-0.119632,0.132272,0.005760
1773345559.761474,2,effort,4095,-0.399930,0.415534,1.296170,-0.097983,0.939723,-0.025119,-8.417072,-11.179648,4.629949,0.614335,-0.370370,-0.043618,-8.417603,-3.461416,-0.300959,0.341805,-0.377921,-0.016457,-0.414071,0.443695,1.295953,-0.081858,0.923177,-0.033945,0.000000,0.000000,0.000000,0.000000,0.000000,0.000000,2.946161,1.211496,0.105335,-0.119632,0.132272,0.005760
1773345559.780906,2,effort,4095,-0.395520,0.409914,1.296208,-0.100284,0.939643,-0.025502,-4.380338,-10.406292,4.880183,0.564085,0.008542,-0.043618,-4.380868,-2.688059,-0.050725,0.291555,0.000991,-0.016457,-0.414071,0.443683,1.295953,-0.081876,0.923185,-0.033939,0.000000,0.000000,0.000000,0.000000,0.000000,0.000000,1.533304,0.940821,0.017754,-0.102044,-0.000347,0.005760
1773345559.801305,2,effort,4095,-0.395520,0.409914,1.296208,-0.100284,0.939643,-0.025502,-4.380338,-10.406292,4.880183,0.564085,0.008542,-0.043618,-4.380868,-2.688059,-0.050725,0.291555,0.000991,-0.016457,-0.414071,0.443683,1.295953,-0.081876,0.923185,-0.033939,0.000000,0.000000,0.000000,0.000000,0.000000,0.000000,1.533304,0.940821,0.017754,-0.102044,-0.000347,0.005760
1773345559.821986,2,effort,4095,-0.395520,0.409914,1.296208,-0.100284,0.939643,-0.025502,-4.380338,-10.406292,4.880183,0.564085,0.008542,-0.043618,-4.380868,-2.688059,-0.050725,0.291555,0.000991,-0.016457,-0.414071,0.443683,1.295953,-0.081876,0.923185,-0.033939,0.000000,0.000000,0.000000,0.000000,0.000000,0.000000,1.533304,0.940821,0.017754,-0.102044,-0.000347,0.005760
1773345559.841337,2,effort,4095,-0.395520,0.409914,1.296208,-0.100284,0.939643,-0.025502,-4.380338,-10.406292,4.880183,0.564085,0.008542,-0.043618,-4.380868,-2.688059,-0.050725,0.291555,0.000991,-0.016457,-0.414071,0.443683,1.295953,-0.081876,0.923185,-0.033939,0.000000,0.000000,0.000000,0.000000,0.000000,0.000000,1.533304,0.940821,0.017754,-0.102044,-0.000347,0.005760
1773345559.861161,2,effort,4095,-0.395520,0.409914,1.296208,-0.100284,0.939643,-0.025502,-4.380338,-10.406292,4.880183,0.564085,0.008542,-0.043618,-4.380868,-2.688059,-0.050725,0.291555,0.000991,-0.016457,-0.414071,0.443683,1.295953,-0.081876,0.923185,-0.033939,0.000000,0.000000,0.000000,0.000000,0.000000,0.000000,1.533304,0.940821,0.017754,-0.102044,-0.000347,0.005760
1773345559.881247,2,effort,4095,-0.398104,0.413320,1.296212,-0.096066,0.939643,-0.025694,-7.201148,-6.797378,4.900863,0.518860,0.008611,-0.043618,-7.201678,0.920854,-0.030045,0.246330,0.001060,-0.016457,-0.414071,0.443683,1.295953,-0.081876,0.923185,-0.033939,0.000000,0.000000,0.000000,0.000000,0.000000,0.000000,2.520587,-0.322299,0.010516,-0.086215,-0.000371,0.005760
1773345559.901136,2,effort,4095,-0.398104,0.413320,1.296212,-0.096066,0.939643,-0.025694,-7.201148,-6.797378,4.900863,0.518860,0.008611,-0.043618,-7.201678,0.920854,-0.030045,0.246330,0.001060,-0.016457,-0.414071,0.443683,1.295953,-0.081876,0.923185,-0.033939,0.000000,0.000000,0.000000,0.000000,0.000000,0.000000,2.520587,-0.322299,0.010516,-0.086215,-0.000371,0.005760
1773345559.923136,2,effort,4095,-0.398104,0.413320,1.296212,-0.096066,0.939643,-0.025694,-7.201148,-6.797378,4.900863,0.518860,0.008611,-0.043618,-7.201678,0.920854,-0.030045,0.246330,0.001060,-0.016457,-0.414071,0.443683,1.295953,-0.081876,0.923185,-0.033939,0.000000,0.000000,0.000000,0.000000,0.000000,0.000000,2.520587,-0.322299,0.010516,-0.086215,-0.000371,0.005760
1773345559.941369,2,effort,4095,-0.398104,0.413320,1.296212,-0.096066,0.939643,-0.025694,-7.201148,-6.797378,4.900863,0.518860,0.008611,-0.043618,-7.201678,0.920854,-0.030045,0.246330,0.001060,-0.016457,-0.414071,0.443683,1.295953,-0.081876,0.923185,-0.033939,0.000000,0.000000,0.000000,0.000000,0.000000,0.000000,2.520587,-0.322299,0.010516,-0.086215,-0.000371,0.005760
1773345559.961507,2,effort,4095,-0.398104,0.413320,1.296212,-0.096066,0.939643,-0.025694,-7.201148,-6.797378,4.900863,0.518860,0.008611,-0.043618,-7.201678,0.920854,-0.030045,0.246330,0.001060,-0.016457,-0.414071,0.443683,1.295953,-0.081876,0.923185,-0.033939,0.000000,0.000000,0.000000,0.000000,0.000000,0.000000,2.520587,-0.322299,0.010516,-0.086215,-0.000371,0.005760
1773345559.980768,2,effort,4095,-0.397113,0.411824,1.296208,-0.093765,0.939643,-0.025886,-1.156493,-12.087645,4.843510,0.386535,0.008245,-0.041943,-1.157024,-4.369412,-0.087398,0.114005,0.000694,-0.014782,-0.414071,0.443683,1.295953,-0.081876,0.923185,-0.033939,0.000000,0.000000,0.000000,0.000000,0.000000,0.000000,0.404958,1.529294,0.030589,-0.039902,-0.000243,0.005174
1773345560.015788,2,effort,4095,-0.397113,0.411824,1.296208,-0.093765,0.939643,-0.025886,-1.156493,-12.087645,4.843510,0.386535,0.008245,-0.041943,-1.157024,-4.369412,-0.087398,0.114005,0.000694,-0.014782,-0.414071,0.443683,1.295953,-0.081876,0.923185,-0.033939,0.000000,0.000000,0.000000,0.000000,0.000000,0.000000,0.404958,1.529294,0.030589,-0.039902,-0.000243,0.005174
1773345560.022122,2,effort,4095,-0.397113,0.411824,1.296208,-0.093765,0.939643,-0.025886,-1.156493,-12.087645,4.843510,0.386535,0.008245,-0.041943,-1.157024,-4.369412,-0.087398,0.114005,0.000694,-0.014782,-0.414071,0.443683,1.295953,-0.081876,0.923185,-0.033939,0.000000,0.000000,0.000000,0.000000,0.000000,0.000000,0.404958,1.529294,0.030589,-0.039902,-0.000243,0.005174
1773345560.040780,2,effort,4095,-0.397113,0.411824,1.296208,-0.093765,0.939643,-0.025886,-1.156493,-12.087645,4.843510,0.386535,0.008245,-0.041943,-1.157024,-4.369412,-0.087398,0.114005,0.000694,-0.014782,-0.414071,0.443683,1.295953,-0.081876,0.923185,-0.033939,0.000000,0.000000,0.000000,0.000000,0.000000,0.000000,0.404958,1.529294,0.030589,-0.039902,-0.000243,0.005174
1773345560.060853,2,effort,4095,-0.397113,0.411824,1.296208,-0.093765,0.939643,-0.025886,-1.156493,-12.087645,4.843510,0.386535,0.008245,-0.041943,-1.157024,-4.369412,-0.087398,0.114005,0.000694,-0.014782,-0.414071,0.443683,1.295953,-0.081876,0.923185,-0.033939,0.000000,0.000000,0.000000,0.000000,0.000000,0.000000,0.404958,1.529294,0.030589,-0.039902,-0.000243,0.005174
1773345560.081283,2,effort,4095,-0.397759,0.412369,1.296208,-0.089163,0.939643,-0.025886,-5.206192,-8.351717,4.891688,0.272635,0.008454,-0.040268,-5.206722,-0.633485,-0.039219,0.000105,0.000903,-0.013107,-0.414071,0.443683,1.295953,-0.081876,0.923185,-0.033939,0.000000,0.000000,0.000000,0.000000,0.000000,0.000000,1.822353,0.221720,0.013727,-0.000037,-0.000316,0.004587
1773345560.100775,2,effort,4095,-0.397759,0.412369,1.296208,-0.089163,0.939643,-0.025886,-5.206192,-8.351717,4.891688,0.272635,0.008454,-0.040268,-5.206722,-0.633485,-0.039219,0.000105,0.000903,-0.013107,-0.414071,0.443683,1.295953,-0.081876,0.923185,-0.033939,0.000000,0.000000,0.000000,0.000000,0.000000,0.000000,1.822353,0.221720,0.013727,-0.000037,-0.000316,0.004587
1773345560.122301,2,effort,4095,-0.397759,0.412369,1.296208,-0.089163,0.939643,-0.025886,-5.206192,-8.351717,4.891688,0.272635,0.008454,-0.040268,-5.206722,-0.633485,-0.039219,0.000105,0.000903,-0.013107,-0.414071,0.443683,1.295953,-0.081876,0.923185,-0.033939,0.000000,0.000000,0.000000,0.000000,0.000000,0.000000,1.822353,0.221720,0.013727,-0.000037,-0.000316,0.004587
1773345560.140929,2,effort,4095,-0.397759,0.412369,1.296208,-0.089163,0.939643,-0.025886,-5.206192,-8.351717,4.891688,0.272635,0.008454,-0.040268,-5.206722,-0.633485,-0.039219,0.000105,0.000903,-0.013107,-0.414071,0.443683,1.295953,-0.081876,0.923185,-0.033939,0.000000,0.000000,0.000000,0.000000,0.000000,0.000000,1.822353,0.221720,0.013727,-0.000037,-0.000316,0.004587
1773345560.161226,2,effort,4095,-0.397759,0.412369,1.296208,-0.089163,0.939643,-0.025886,-5.206192,-8.351717,4.891688,0.272635,0.008454,-0.040268,-5.206722,-0.633485,-0.039219,0.000105,0.000903,-0.013107,-0.414071,0.443683,1.295953,-0.081876,0.923185,-0.033939,0.000000,0.000000,0.000000,0.000000,0.000000,0.000000,1.822353,0.221720,0.013727,-0.000037,-0.000316,0.004587
1773345560.181326,2,effort,4095,-0.398302,0.412361,1.296208,-0.087053,0.939643,-0.025886,-0.001917,-8.306969,4.875101,0.250860,0.008343,-0.041943,-0.002447,-0.588736,-0.055807,-0.021670,0.000792,-0.014782,-0.414071,0.443683,1.295953,-0.081876,0.923185,-0.033939,0.000000,0.000000,0.000000,0.000000,0.000000,0.000000,0.000857,0.206058,0.019532,0.007585,-0.000277,0.005174
1773345560.200734,2,effort,4095,-0.398302,0.412361,1.296208,-0.087053,0.939643,-0.025886,-0.001917,-8.306969,4.875101,0.250860,0.008343,-0.041943,-0.002447,-0.588736,-0.055807,-0.021670,0.000792,-0.014782,-0.414071,0.443683,1.295953,-0.081876,0.923185,-0.033939,0.000000,0.000000,0.000000,0.000000,0.000000,0.000000,0.000857,0.206058,0.019532,0.007585,-0.000277,0.005174
1773345560.221689,2,effort,4095,-0.398302,0.412361,1.296208,-0.087053,0.939643,-0.025886,-0.001917,-8.306969,4.875101,0.250860,0.008343,-0.041943,-0.002447,-0.588736,-0.055807,-0.021670,0.000792,-0.014782,-0.414071,0.443683,1.295953,-0.081876,0.923185,-0.033939,0.000000,0.000000,0.000000,0.000000,0.000000,0.000000,0.000857,0.206058,0.019532,0.007585,-0.000277,0.005174
1773345560.241214,2,effort,4095,-0.398302,0.412361,1.296208,-0.087053,0.939643,-0.025886,-0.001917,-8.306969,4.875101,0.250860,0.008343,-0.041943,-0.002447,-0.588736,-0.055807,-0.021670,0.000792,-0.014782,-0.414071,0.443683,1.295953,-0.081876,0.923185,-0.033939,0.000000,0.000000,0.000000,0.000000,0.000000,0.000000,0.000857,0.206058,0.019532,0.007585,-0.000277,0.005174
1773345560.260937,2,effort,4095,-0.398302,0.412361,1.296208,-0.087053,0.939643,-0.025886,-0.001917,-8.306969,4.875101,0.250860,0.008343,-0.041943,-0.002447,-0.588736,-0.055807,-0.021670,0.000792,-0.014782,-0.414071,0.443683,1.295953,-0.081876,0.923185,-0.033939,0.000000,0.000000,0.000000,0.000000,0.000000,0.000000,0.000857,0.206058,0.019532,0.007585,-0.000277,0.005174
1773345560.280839,2,effort,4095,-0.398478,0.412336,1.296208,-0.087245,0.939643,-0.025886,0.001885,-8.319162,4.879494,0.247510,0.008375,-0.038593,0.001355,-0.600930,-0.051414,-0.025020,0.000825,-0.011432,-0.414071,0.443683,1.295953,-0.081876,0.923185,-0.033939,0.000000,0.000000,0.000000,0.000000,0.000000,0.000000,-0.000474,0.210325,0.017995,0.008757,-0.000289,0.004001
1773345560.300825,2,effort,4095,-0.398478,0.412336,1.296208,-0.087245,0.939643,-0.025886,0.001885,-8.319162,4.879494,0.247510,0.008375,-0.038593,0.001355,-0.600930,-0.051414,-0.025020,0.000825,-0.011432,-0.414071,0.443683,1.295953,-0.081876,0.923185,-0.033939,0.000000,0.000000,0.000000,0.000000,0.000000,0.000000,-0.000474,0.210325,0.017995,0.008757,-0.000289,0.004001
1773345560.322732,2,effort,4095,-0.398478,0.412336,1.296208,-0.087245,0.939643,-0.025886,0.001885,-8.319162,4.879494,0.247510,0.008375,-0.038593,0.001355,-0.600930,-0.051414,-0.025020,0.000825,-0.011432,-0.414071,0.443683,1.295953,-0.081876,0.923185,-0.033939,0.000000,0.000000,0.000000,0.000000,0.000000,0.000000,-0.000474,0.210325,0.017995,0.008757,-0.000289,0.004001
1773345560.341251,2,effort,4095,-0.398478,0.412336,1.296208,-0.087245,0.939643,-0.025886,0.001885,-8.319162,4.879494,0.247510,0.008375,-0.038593,0.001355,-0.600930,-0.051414,-0.025020,0.000825,-0.011432,-0.414071,0.443683,1.295953,-0.081876,0.923185,-0.033939,0.000000,0.000000,0.000000,0.000000,0.000000,0.000000,-0.000474,0.210325,0.017995,0.008757,-0.000289,0.004001
1773345560.360996,2,effort,4095,-0.398478,0.412336,1.296208,-0.087245,0.939643,-0.025886,0.001885,-8.319162,4.879494,0.247510,0.008375,-0.038593,0.001355,-0.600930,-0.051414,-0.025020,0.000825,-0.011432,-0.414071,0.443683,1.295953,-0.081876,0.923185,-0.033939,0.000000,0.000000,0.000000,0.000000,0.000000,0.000000,-0.000474,0.210325,0.017995,0.008757,-0.000289,0.004001
1773345560.381419,2,effort,4095,-0.398898,0.412340,1.296208,-0.087437,0.939643,-0.026078,-0.031267,-8.320816,4.879601,0.249185,0.008438,-0.038593,-0.031797,-0.602584,-0.051306,-0.023345,0.000887,-0.011432,-0.414071,0.443683,1.295953,-0.081876,0.923185,-0.033939,0.000000,0.000000,0.000000,0.000000,0.000000,0.000000,0.011129,0.210904,0.017957,0.008171,-0.000310,0.004001
1773345560.401125,2,effort,4095,-0.398898,0.412340,1.296208,-0.087437,0.939643,-0.026078,-0.031267,-8.320816,4.879601,0.249185,0.008438,-0.038593,-0.031797,-0.602584,-0.051306,-0.023345,0.000887,-0.011432,-0.414071,0.443683,1.295953,-0.081876,0.923185,-0.033939,0.000000,0.000000,0.000000,0.000000,0.000000,0.000000,0.011129,0.210904,0.017957,0.008171,-0.000310,0.004001
1773345560.422137,2,effort,4095,-0.398898,0.412340,1.296208,-0.087437,0.939643,-0.026078,-0.031267,-8.320816,4.879601,0.249185,0.008438,-0.038593,-0.031797,-0.602584,-0.051306,-0.023345,0.000887,-0.011432,-0.414071,0.443683,1.295953,-0.081876,0.923185,-0.033939,0.000000,0.000000,0.000000,0.000000,0.000000,0.000000,0.011129,0.210904,0.017957,0.008171,-0.000310,0.004001
1773345560.440983,2,effort,4095,-0.398898,0.412340,1.296208,-0.087437,0.939643,-0.026078,-0.031267,-8.320816,4.879601,0.249185,0.008438,-0.038593,-0.031797,-0.602584,-0.051306,-0.023345,0.000887,-0.011432,-0.414071,0.443683,1.295953,-0.081876,0.923185,-0.033939,0.000000,0.000000,0.000000,0.000000,0.000000,0.000000,0.011129,0.210904,0.017957,0.008171,-0.000310,0.004001
1773345560.460753,2,effort,4095,-0.398898,0.412340,1.296208,-0.087437,0.939643,-0.026078,-0.031267,-8.320816,4.879601,0.249185,0.008438,-0.038593,-0.031797,-0.602584,-0.051306,-0.023345,0.000887,-0.011432,-0.414071,0.443683,1.295953,-0.081876,0.923185,-0.033939,0.000000,0.000000,0.000000,0.000000,0.000000,0.000000,0.011129,0.210904,0.017957,0.008171,-0.000310,0.004001
1773345560.481169,2,effort,4095,-0.399059,0.412344,1.296208,-0.083602,0.939643,-0.026078,-0.004325,-8.313339,4.877887,0.267610,0.008363,-0.031893,-0.004856,-0.595107,-0.053020,-0.004920,0.000812,-0.004732,-0.414071,0.443683,1.295953,-0.081876,0.923185,-0.033939,0.000000,0.000000,0.000000,0.000000,0.000000,0.000000,0.001699,0.208287,0.018557,0.001722,-0.000284,0.001656
1773345560.500930,2,effort,4095,-0.399059,0.412344,1.296208,-0.083602,0.939643,-0.026078,-0.004325,-8.313339,4.877887,0.267610,0.008363,-0.031893,-0.004856,-0.595107,-0.053020,-0.004920,0.000812,-0.004732,-0.414071,0.443683,1.295953,-0.081876,0.923185,-0.033939,0.000000,0.000000,0.000000,0.000000,0.000000,0.000000,0.001699,0.208287,0.018557,0.001722,-0.000284,0.001656
1773345560.521863,2,effort,4095,-0.399059,0.412344,1.296208,-0.083602,0.939643,-0.026078,-0.004325,-8.313339,4.877887,0.267610,0.008363,-0.031893,-0.004856,-0.595107,-0.053020,-0.004920,0.000812,-0.004732,-0.414071,0.443683,1.295953,-0.081876,0.923185,-0.033939,0.000000,0.000000,0.000000,0.000000,0.000000,0.000000,0.001699,0.208287,0.018557,0.001722,-0.000284,0.001656
1773345560.540908,2,effort,4095,-0.399059,0.412344,1.296208,-0.083602,0.939643,-0.026078,-0.004325,-8.313339,4.877887,0.267610,0.008363,-0.031893,-0.004856,-0.595107,-0.053020,-0.004920,0.000812,-0.004732,-0.414071,0.443683,1.295953,-0.081876,0.923185,-0.033939,0.000000,0.000000,0.000000,0.000000,0.000000,0.000000,0.001699,0.208287,0.018557,0.001722,-0.000284,0.001656
1773345560.561099,2,effort,4095,-0.399059,0.412344,1.296208,-0.083602,0.939643,-0.026078,-0.004325,-8.313339,4.877887,0.267610,0.008363,-0.031893,-0.004856,-0.595107,-0.053020,-0.004920,0.000812,-0.004732,-0.414071,0.443683,1.295953,-0.081876,0.923185,-0.033939,0.000000,0.000000,0.000000,0.000000,0.000000,0.000000,0.001699,0.208287,0.018557,0.001722,-0.000284,0.001656
1773345560.581054,2,effort,4095,-0.399284,0.412346,1.296208,-0.083985,0.939643,-0.026078,0.001126,-8.315033,4.878470,0.267610,0.008345,-0.033568,0.000595,-0.596800,-0.052437,-0.004920,0.000794,-0.006407,-0.414071,0.443683,1.295953,-0.081876,0.923185,-0.033939,0.000000,0.000000,0.000000,0.000000,0.000000,0.000000,-0.000208,0.208880,0.018353,0.001722,-0.000278,0.002242
1773345560.600854,2,effort,4095,-0.399284,0.412346,1.296208,-0.083985,0.939643,-0.026078,0.001126,-8.315033,4.878470,0.267610,0.008345,-0.033568,0.000595,-0.596800,-0.052437,-0.004920,0.000794,-0.006407,-0.414071,0.443683,1.295953,-0.081876,0.923185,-0.033939,0.000000,0.000000,0.000000,0.000000,0.000000,0.000000,-0.000208,0.208880,0.018353,0.001722,-0.000278,0.002242
1773345560.621636,2,effort,4095,-0.399284,0.412346,1.296208,-0.083985,0.939643,-0.026078,0.001126,-8.315033,4.878470,0.267610,0.008345,-0.033568,0.000595,-0.596800,-0.052437,-0.004920,0.000794,-0.006407,-0.414071,0.443683,1.295953,-0.081876,0.923185,-0.033939,0.000000,0.000000,0.000000,0.000000,0.000000,0.000000,-0.000208,0.208880,0.018353,0.001722,-0.000278,0.002242
1773345560.640987,2,effort,4095,-0.399284,0.412346,1.296208,-0.083985,0.939643,-0.026078,0.001126,-8.315033,4.878470,0.267610,0.008345,-0.033568,0.000595,-0.596800,-0.052437,-0.004920,0.000794,-0.006407,-0.414071,0.443683,1.295953,-0.081876,0.923185,-0.033939,0.000000,0.000000,0.000000,0.000000,0.000000,0.000000,-0.000208,0.208880,0.018353,0.001722,-0.000278,0.002242
1773345560.661313,2,effort,4095,-0.399284,0.412346,1.296208,-0.083985,0.939643,-0.026078,0.001126,-8.315033,4.878470,0.267610,0.008345,-0.033568,0.000595,-0.596800,-0.052437,-0.004920,0.000794,-0.006407,-0.414071,0.443683,1.295953,-0.081876,0.923185,-0.033939,0.000000,0.000000,0.000000,0.000000,0.000000,0.000000,-0.000208,0.208880,0.018353,0.001722,-0.000278,0.002242
1773345560.680962,2,effort,4095,-0.399454,0.412346,1.296208,-0.084177,0.939643,-0.026078,-0.053346,-8.308556,4.876962,0.257560,0.008412,-0.033568,-0.053876,-0.590323,-0.053946,-0.014970,0.000861,-0.006407,-0.414071,0.443683,1.295953,-0.081876,0.923185,-0.033939,0.000000,0.000000,0.000000,0.000000,0.000000,0.000000,0.018857,0.206613,0.018881,0.005240,-0.000301,0.002242
1773345560.701107,2,effort,4095,-0.399454,0.412346,1.296208,-0.084177,0.939643,-0.026078,-0.053346,-8.308556,4.876962,0.257560,0.008412,-0.033568,-0.053876,-0.590323,-0.053946,-0.014970,0.000861,-0.006407,-0.414071,0.443683,1.295953,-0.081876,0.923185,-0.033939,0.000000,0.000000,0.000000,0.000000,0.000000,0.000000,0.018857,0.206613,0.018881,0.005240,-0.000301,0.002242
1773345560.723565,2,effort,4095,-0.399454,0.412346,1.296208,-0.084177,0.939643,-0.026078,-0.053346,-8.308556,4.876962,0.257560,0.008412,-0.033568,-0.053876,-0.590323,-0.053946,-0.014970,0.000861,-0.006407,-0.414071,0.443683,1.295953,-0.081876,0.923185,-0.033939,0.000000,0.000000,0.000000,0.000000,0.000000,0.000000,0.018857,0.206613,0.018881,0.005240,-0.000301,0.002242
1773345560.741194,2,effort,4095,-0.399454,0.412346,1.296208,-0.084177,0.939643,-0.026078,-0.053346,-8.308556,4.876962,0.257560,0.008412,-0.033568,-0.053876,-0.590323,-0.053946,-0.014970,0.000861,-0.006407,-0.414071,0.443683,1.295953,-0.081876,0.923185,-0.033939,0.000000,0.000000,0.000000,0.000000,0.000000,0.000000,0.018857,0.206613,0.018881,0.005240,-0.000301,0.002242
1773345560.761021,2,effort,4095,-0.399454,0.412346,1.296208,-0.084177,0.939643,-0.026078,-0.053346,-8.308556,4.876962,0.257560,0.008412,-0.033568,-0.053876,-0.590323,-0.053946,-0.014970,0.000861,-0.006407,-0.414071,0.443683,1.295953,-0.081876,0.923185,-0.033939,0.000000,0.000000,0.000000,0.000000,0.000000,0.000000,0.018857,0.206613,0.018881,0.005240,-0.000301,0.002242
1773345560.781260,2,effort,4095,-0.399585,0.412346,1.296208,-0.084752,0.939643,-0.026078,-0.009620,-8.314398,4.878921,0.247510,0.008354,-0.031893,-0.010151,-0.596165,-0.051987,-0.025020,0.000803,-0.004732,-0.414071,0.443683,1.295953,-0.081876,0.923185,-0.033939,0.000000,0.000000,0.000000,0.000000,0.000000,0.000000,0.003553,0.208658,0.018195,0.008757,-0.000281,0.001656
1773345560.800988,2,effort,4095,-0.399585,0.412346,1.296208,-0.084752,0.939643,-0.026078,-0.009620,-8.314398,4.878921,0.247510,0.008354,-0.031893,-0.010151,-0.596165,-0.051987,-0.025020,0.000803,-0.004732,-0.414071,0.443683,1.295953,-0.081876,0.923185,-0.033939,0.000000,0.000000,0.000000,0.000000,0.000000,0.000000,0.003553,0.208658,0.018195,0.008757,-0.000281,0.001656
1773345560.822312,2,effort,4095,-0.399585,0.412346,1.296208,-0.084752,0.939643,-0.026078,-0.009620,-8.314398,4.878921,0.247510,0.008354,-0.031893,-0.010151,-0.596165,-0.051987,-0.025020,0.000803,-0.004732,-0.414071,0.443683,1.295953,-0.081876,0.923185,-0.033939,0.000000,0.000000,0.000000,0.000000,0.000000,0.000000,0.003553,0.208658,0.018195,0.008757,-0.000281,0.001656
1773345560.841295,2,effort,4095,-0.399585,0.412346,1.296208,-0.084752,0.939643,-0.026078,-0.009620,-8.314398,4.878921,0.247510,0.008354,-0.031893,-0.010151,-0.596165,-0.051987,-0.025020,0.000803,-0.004732,-0.414071,0.443683,1.295953,-0.081876,0.923185,-0.033939,0.000000,0.000000,0.000000,0.000000,0.000000,0.000000,0.003553,0.208658,0.018195,0.008757,-0.000281,0.001656
1773345560.860855,2,effort,4095,-0.399585,0.412346,1.296208,-0.084752,0.939643,-0.026078,-0.009620,-8.314398,4.878921,0.247510,0.008354,-0.031893,-0.010151,-0.596165,-0.051987,-0.025020,0.000803,-0.004732,-0.414071,0.443683,1.295953,-0.081876,0.923185,-0.033939,0.000000,0.000000,0.000000,0.000000,0.000000,0.000000,0.003553,0.208658,0.018195,0.008757,-0.000281,0.001656
1773345560.881169,2,effort,4095,-0.399755,0.412346,1.296208,-0.083218,0.939643,-0.026078,0.002333,-8.315365,4.878889,0.232435,0.008341,-0.033568,0.001803,-0.597132,-0.052019,-0.040095,0.000790,-0.006407,-0.414071,0.443683,1.295953,-0.081876,0.923185,-0.033939,0.000000,0.000000,0.000000,0.000000,0.000000,0.000000,-0.000631,0.208996,0.018206,0.014033,-0.000276,0.002242
1773345560.901212,2,effort,4095,-0.399755,0.412346,1.296208,-0.083218,0.939643,-0.026078,0.002333,-8.315365,4.878889,0.232435,0.008341,-0.033568,0.001803,-0.597132,-0.052019,-0.040095,0.000790,-0.006407,-0.414071,0.443683,1.295953,-0.081876,0.923185,-0.033939,0.000000,0.000000,0.000000,0.000000,0.000000,0.000000,-0.000631,0.208996,0.018206,0.014033,-0.000276,0.002242
1773345560.922206,2,effort,4095,-0.399755,0.412346,1.296208,-0.083218,0.939643,-0.026078,0.002333,-8.315365,4.878889,0.232435,0.008341,-0.033568,0.001803,-0.597132,-0.052019,-0.040095,0.000790,-0.006407,-0.414071,0.443683,1.295953,-0.081876,0.923185,-0.033939,0.000000,0.000000,0.000000,0.000000,0.000000,0.000000,-0.000631,0.208996,0.018206,0.014033,-0.000276,0.002242
1773345560.940729,2,effort,4095,-0.399755,0.412346,1.296208,-0.083218,0.939643,-0.026078,0.002333,-8.315365,4.878889,0.232435,0.008341,-0.033568,0.001803,-0.597132,-0.052019,-0.040095,0.000790,-0.006407,-0.414071,0.443683,1.295953,-0.081876,0.923185,-0.033939,0.000000,0.000000,0.000000,0.000000,0.000000,0.000000,-0.000631,0.208996,0.018206,0.014033,-0.000276,0.002242
1773345560.960778,2,effort,4095,-0.399755,0.412346,1.296208,-0.083218,0.939643,-0.026078,0.002333,-8.315365,4.878889,0.232435,0.008341,-0.033568,0.001803,-0.597132,-0.052019,-0.040095,0.000790,-0.006407,-0.414071,0.443683,1.295953,-0.081876,0.923185,-0.033939,0.000000,0.000000,0.000000,0.000000,0.000000,0.000000,-0.000631,0.208996,0.018206,0.014033,-0.000276,0.002242
1773345560.981277,2,effort,4095,-0.399840,0.412346,1.296208,-0.083410,0.939643,-0.026078,-0.000232,-8.315282,4.879035,0.260910,0.008340,-0.033568,-0.000763,-0.597049,-0.051872,-0.011620,0.000789,-0.006407,-0.414071,0.443683,1.295953,-0.081876,0.923185,-0.033939,0.000000,0.000000,0.000000,0.000000,0.000000,0.000000,0.000267,0.208967,0.018155,0.004067,-0.000276,0.002242
1773345561.000833,2,effort,4095,-0.399840,0.412346,1.296208,-0.083410,0.939643,-0.026078,-0.000232,-8.315282,4.879035,0.260910,0.008340,-0.033568,-0.000763,-0.597049,-0.051872,-0.011620,0.000789,-0.006407,-0.414071,0.443683,1.295953,-0.081876,0.923185,-0.033939,0.000000,0.000000,0.000000,0.000000,0.000000,0.000000,0.000267,0.208967,0.018155,0.004067,-0.000276,0.002242
1773345561.022208,2,effort,4095,-0.399840,0.412346,1.296208,-0.083410,0.939643,-0.026078,-0.000232,-8.315282,4.879035,0.260910,0.008340,-0.033568,-0.000763,-0.597049,-0.051872,-0.011620,0.000789,-0.006407,-0.414071,0.443683,1.295953,-0.081876,0.923185,-0.033939,0.000000,0.000000,0.000000,0.000000,0.000000,0.000000,0.000267,0.208967,0.018155,0.004067,-0.000276,0.002242
1773345561.041089,2,effort,4095,-0.399840,0.412346,1.296208,-0.083410,0.939643,-0.026078,-0.000232,-8.315282,4.879035,0.260910,0.008340,-0.033568,-0.000763,-0.597049,-0.051872,-0.011620,0.000789,-0.006407,-0.414071,0.443683,1.295953,-0.081876,0.923185,-0.033939,0.000000,0.000000,0.000000,0.000000,0.000000,0.000000,0.000267,0.208967,0.018155,0.004067,-0.000276,0.002242
1773345561.061142,2,effort,4095,-0.399840,0.412346,1.296208,-0.083410,0.939643,-0.026078,-0.000232,-8.315282,4.879035,0.260910,0.008340,-0.033568,-0.000763,-0.597049,-0.051872,-0.011620,0.000789,-0.006407,-0.414071,0.443683,1.295953,-0.081876,0.923185,-0.033939,0.000000,0.000000,0.000000,0.000000,0.000000,0.000000,0.000267,0.208967,0.018155,0.004067,-0.000276,0.002242
1773345561.081057,2,effort,4095,-0.399970,0.412346,1.296208,-0.083410,0.939643,-0.026078,-0.001410,-8.315397,4.879398,0.270960,0.008338,-0.035243,-0.001940,-0.597165,-0.051510,-0.001570,0.000787,-0.008082,-0.414071,0.443683,1.295953,-0.081876,0.923185,-0.033939,0.000000,0.000000,0.000000,0.000000,0.000000,0.000000,0.000679,0.209008,0.018028,0.000550,-0.000275,0.002829
1773345561.100755,2,effort,4095,-0.399970,0.412346,1.296208,-0.083410,0.939643,-0.026078,-0.001410,-8.315397,4.879398,0.270960,0.008338,-0.035243,-0.001940,-0.597165,-0.051510,-0.001570,0.000787,-0.008082,-0.414071,0.443683,1.295953,-0.081876,0.923185,-0.033939,0.000000,0.000000,0.000000,0.000000,0.000000,0.000000,0.000679,0.209008,0.018028,0.000550,-0.000275,0.002829
1773345561.121933,2,effort,4095,-0.399970,0.412346,1.296208,-0.083410,0.939643,-0.026078,-0.001410,-8.315397,4.879398,0.270960,0.008338,-0.035243,-0.001940,-0.597165,-0.051510,-0.001570,0.000787,-0.008082,-0.414071,0.443683,1.295953,-0.081876,0.923185,-0.033939,0.000000,0.000000,0.000000,0.000000,0.000000,0.000000,0.000679,0.209008,0.018028,0.000550,-0.000275,0.002829
1773345561.141197,2,effort,4095,-0.399970,0.412346,1.296208,-0.083410,0.939643,-0.026078,-0.001410,-8.315397,4.879398,0.270960,0.008338,-0.035243,-0.001940,-0.597165,-0.051510,-0.001570,0.000787,-0.008082,-0.414071,0.443683,1.295953,-0.081876,0.923185,-0.033939,0.000000,0.000000,0.000000,0.000000,0.000000,0.000000,0.000679,0.209008,0.018028,0.000550,-0.000275,0.002829
1773345561.161027,2,effort,4095,-0.399970,0.412346,1.296208,-0.083410,0.939643,-0.026078,-0.001410,-8.315397,4.879398,0.270960,0.008338,-0.035243,-0.001940,-0.597165,-0.051510,-0.001570,0.000787,-0.008082,-0.414071,0.443683,1.295953,-0.081876,0.923185,-0.033939,0.000000,0.000000,0.000000,0.000000,0.000000,0.000000,0.000679,0.209008,0.018028,0.000550,-0.000275,0.002829
1773345561.180846,2,effort,4095,-0.400018,0.412346,1.296208,-0.083410,0.939643,-0.026078,-0.008925,-8.313937,4.877937,0.269285,0.008353,-0.030218,-0.009456,-0.595705,-0.052971,-0.003245,0.000802,-0.003057,-0.414071,0.443683,1.295953,-0.081876,0.923185,-0.033939,0.000000,0.000000,0.000000,0.000000,0.000000,0.000000,0.003310,0.208497,0.018540,0.001136,-0.000281,0.001070
1773345561.200833,2,effort,4095,-0.400018,0.412346,1.296208,-0.083410,0.939643,-0.026078,-0.008925,-8.313937,4.877937,0.269285,0.008353,-0.030218,-0.009456,-0.595705,-0.052971,-0.003245,0.000802,-0.003057,-0.414071,0.443683,1.295953,-0.081876,0.923185,-0.033939,0.000000,0.000000,0.000000,0.000000,0.000000,0.000000,0.003310,0.208497,0.018540,0.001136,-0.000281,0.001070
1773345561.221960,2,effort,4095,-0.400018,0.412346,1.296208,-0.083410,0.939643,-0.026078,-0.008925,-8.313937,4.877937,0.269285,0.008353,-0.030218,-0.009456,-0.595705,-0.052971,-0.003245,0.000802,-0.003057,-0.414071,0.443683,1.295953,-0.081876,0.923185,-0.033939,0.000000,0.000000,0.000000,0.000000,0.000000,0.000000,0.003310,0.208497,0.018540,0.001136,-0.000281,0.001070
1773345561.241368,2,effort,4095,-0.400018,0.412346,1.296208,-0.083410,0.939643,-0.026078,-0.008925,-8.313937,4.877937,0.269285,0.008353,-0.030218,-0.009456,-0.595705,-0.052971,-0.003245,0.000802,-0.003057,-0.414071,0.443683,1.295953,-0.081876,0.923185,-0.033939,0.000000,0.000000,0.000000,0.000000,0.000000,0.000000,0.003310,0.208497,0.018540,0.001136,-0.000281,0.001070
1773345561.261546,2,effort,4095,-0.400018,0.412346,1.296208,-0.083410,0.939643,-0.026078,-0.008925,-8.313937,4.877937,0.269285,0.008353,-0.030218,-0.009456,-0.595705,-0.052971,-0.003245,0.000802,-0.003057,-0.414071,0.443683,1.295953,-0.081876,0.923185,-0.033939,0.000000,0.000000,0.000000,0.000000,0.000000,0.000000,0.003310,0.208497,0.018540,0.001136,-0.000281,0.001070
1773345561.281370,2,effort,4095,-0.400141,0.412346,1.296208,-0.083410,0.939643,-0.026078,-0.000101,-8.315392,4.879152,0.267610,0.008337,-0.031893,-0.000631,-0.597160,-0.051756,-0.004920,0.000787,-0.004732,-0.414071,0.443683,1.295953,-0.081876,0.923185,-0.033939,0.000000,0.000000,0.000000,0.000000,0.000000,0.000000,0.000221,0.209006,0.018115,0.001722,-0.000275,0.001656
1773345561.301315,2,effort,4095,-0.400141,0.412346,1.296208,-0.083410,0.939643,-0.026078,-0.000101,-8.315392,4.879152,0.267610,0.008337,-0.031893,-0.000631,-0.597160,-0.051756,-0.004920,0.000787,-0.004732,-0.414071,0.443683,1.295953,-0.081876,0.923185,-0.033939,0.000000,0.000000,0.000000,0.000000,0.000000,0.000000,0.000221,0.209006,0.018115,0.001722,-0.000275,0.001656
1773345561.321937,2,effort,4095,-0.400141,0.412346,1.296208,-0.083410,0.939643,-0.026078,-0.000101,-8.315392,4.879152,0.267610,0.008337,-0.031893,-0.000631,-0.597160,-0.051756,-0.004920,0.000787,-0.004732,-0.414071,0.443683,1.295953,-0.081876,0.923185,-0.033939,0.000000,0.000000,0.000000,0.000000,0.000000,0.000000,0.000221,0.209006,0.018115,0.001722,-0.000275,0.001656
1773345561.341526,2,effort,4095,-0.400141,0.412346,1.296208,-0.083410,0.939643,-0.026078,-0.000101,-8.315392,4.879152,0.267610,0.008337,-0.031893,-0.000631,-0.597160,-0.051756,-0.004920,0.000787,-0.004732,-0.414071,0.443683,1.295953,-0.081876,0.923185,-0.033939,0.000000,0.000000,0.000000,0.000000,0.000000,0.000000,0.000221,0.209006,0.018115,0.001722,-0.000275,0.001656
1773345561.361967,2,effort,4095,-0.400141,0.412346,1.296208,-0.083410,0.939643,-0.026078,-0.000101,-8.315392,4.879152,0.267610,0.008337,-0.031893,-0.000631,-0.597160,-0.051756,-0.004920,0.000787,-0.004732,-0.414071,0.443683,1.295953,-0.081876,0.923185,-0.033939,0.000000,0.000000,0.000000,0.000000,0.000000,0.000000,0.000221,0.209006,0.018115,0.001722,-0.000275,0.001656
1773345561.381247,2,effort,4095,-0.400171,0.412346,1.296208,-0.083410,0.939643,-0.026078,0.003068,-8.315638,4.879027,0.265935,0.008334,-0.030218,0.002537,-0.597405,-0.051881,-0.006595,0.000783,-0.003057,-0.414071,0.443683,1.295953,-0.081876,0.923185,-0.033939,0.000000,0.000000,0.000000,0.000000,0.000000,0.000000,-0.000888,0.209092,0.018158,0.002308,-0.000274,0.001070
1773345561.401215,2,effort,4095,-0.400171,0.412346,1.296208,-0.083410,0.939643,-0.026078,0.003068,-8.315638,4.879027,0.265935,0.008334,-0.030218,0.002537,-0.597405,-0.051881,-0.006595,0.000783,-0.003057,-0.414071,0.443683,1.295953,-0.081876,0.923185,-0.033939,0.000000,0.000000,0.000000,0.000000,0.000000,0.000000,-0.000888,0.209092,0.018158,0.002308,-0.000274,0.001070
1773345561.422311,2,effort,4095,-0.400171,0.412346,1.296208,-0.083410,0.939643,-0.026078,0.003068,-8.315638,4.879027,0.265935,0.008334,-0.030218,0.002537,-0.597405,-0.051881,-0.006595,0.000783,-0.003057,-0.414071,0.443683,1.295953,-0.081876,0.923185,-0.033939,0.000000,0.000000,0.000000,0.000000,0.000000,0.000000,-0.000888,0.209092,0.018158,0.002308,-0.000274,0.001070
1773345561.441468,2,effort,4095,-0.400171,0.412346,1.296208,-0.083410,0.939643,-0.026078,0.003068,-8.315638,4.879027,0.265935,0.008334,-0.030218,0.002537,-0.597405,-0.051881,-0.006595,0.000783,-0.003057,-0.414071,0.443683,1.295953,-0.081876,0.923185,-0.033939,0.000000,0.000000,0.000000,0.000000,0.000000,0.000000,-0.000888,0.209092,0.018158,0.002308,-0.000274,0.001070
1773345561.461402,2,effort,4095,-0.400171,0.412346,1.296208,-0.083410,0.939643,-0.026078,0.003068,-8.315638,4.879027,0.265935,0.008334,-0.030218,0.002537,-0.597405,-0.051881,-0.006595,0.000783,-0.003057,-0.414071,0.443683,1.295953,-0.081876,0.923185,-0.033939,0.000000,0.000000,0.000000,0.000000,0.000000,0.000000,-0.000888,0.209092,0.018158,0.002308,-0.000274,0.001070
1773345561.480784,2,effort,4095,-0.400254,0.412346,1.296208,-0.083410,0.939643,-0.026078,0.003068,-8.315638,4.879027,0.269285,0.008334,-0.033568,0.002537,-0.597405,-0.051881,-0.003245,0.000783,-0.006407,-0.414071,0.443683,1.295953,-0.081876,0.923185,-0.033939,0.000000,0.000000,0.000000,0.000000,0.000000,0.000000,-0.000888,0.209092,0.018158,0.001136,-0.000274,0.002242
1773345561.500891,2,effort,4095,-0.400254,0.412346,1.296208,-0.083410,0.939643,-0.026078,0.003068,-8.315638,4.879027,0.269285,0.008334,-0.033568,0.002537,-0.597405,-0.051881,-0.003245,0.000783,-0.006407,-0.414071,0.443683,1.295953,-0.081876,0.923185,-0.033939,0.000000,0.000000,0.000000,0.000000,0.000000,0.000000,-0.000888,0.209092,0.018158,0.001136,-0.000274,0.002242
1773345561.522184,2,effort,4095,-0.400254,0.412346,1.296208,-0.083410,0.939643,-0.026078,0.003068,-8.315638,4.879027,0.269285,0.008334,-0.033568,0.002537,-0.597405,-0.051881,-0.003245,0.000783,-0.006407,-0.414071,0.443683,1.295953,-0.081876,0.923185,-0.033939,0.000000,0.000000,0.000000,0.000000,0.000000,0.000000,-0.000888,0.209092,0.018158,0.001136,-0.000274,0.002242
1773345561.540972,2,effort,4095,-0.400254,0.412346,1.296208,-0.083410,0.939643,-0.026078,0.003068,-8.315638,4.879027,0.269285,0.008334,-0.033568,0.002537,-0.597405,-0.051881,-0.003245,0.000783,-0.006407,-0.414071,0.443683,1.295953,-0.081876,0.923185,-0.033939,0.000000,0.000000,0.000000,0.000000,0.000000,0.000000,-0.000888,0.209092,0.018158,0.001136,-0.000274,0.002242
